JvmtiExport can_access_local_variables 0
JvmtiExport can_hotswap_or_post_breakpoint 0
JvmtiExport can_post_on_exceptions 0
# 106 ciObject found
instanceKlass sun/awt/EventQueueDelegate$Delegate
instanceKlass java/awt/PointerInfo
instanceKlass sun/awt/DefaultMouseInfoPeer
instanceKlass java/awt/peer/MouseInfoPeer
instanceKlass java/awt/MouseInfo
instanceKlass org/pushingpixels/trident/Timeline$2
instanceKlass jsyntaxpane/SyntaxDocument$1
instanceKlass org/pushingpixels/flamingo/internal/utils/KeyTipManager$ProcessingThread$1
instanceKlass javax/swing/text/DefaultHighlighter$HighlightInfo
instanceKlass jsyntaxpane/components/Markers
instanceKlass javax/swing/Autoscroller
instanceKlass org/pushingpixels/trident/Timeline$Chain$2
instanceKlass org/pushingpixels/trident/Timeline$Chain$1
instanceKlass org/pushingpixels/lafwidget/text/SelectAllOnFocusGainWidget$1$1
instanceKlass com/jpexs/decompiler/flash/gui/editor/MyMarkers
instanceKlass com/jpexs/decompiler/flash/gui/action/ActionPanel$3$$Lambda$226
instanceKlass com/jpexs/decompiler/flash/gui/action/ActionPanel$8
instanceKlass java/lang/invoke/LambdaForm$MH
instanceKlass com/jpexs/decompiler/flash/gui/action/ActionPanel$3$$Lambda$225
instanceKlass java/lang/invoke/LambdaForm$DMH
instanceKlass com/jpexs/decompiler/flash/helpers/HighlightedTextWriter$1
instanceKlass com/jpexs/decompiler/flash/helpers/GraphSourceItemPosition
instanceKlass com/jpexs/decompiler/flash/helpers/LoopWithType
instanceKlass com/jpexs/decompiler/flash/ecma/EcmaFloatingDecimal
instanceKlass com/jpexs/decompiler/graph/Loop
instanceKlass com/jpexs/decompiler/graph/DottedChain
instanceKlass com/jpexs/decompiler/flash/FinalProcessLocalData
instanceKlass com/jpexs/decompiler/graph/model/ExitItem
instanceKlass com/jpexs/decompiler/graph/model/BranchStackResistant
instanceKlass com/jpexs/decompiler/graph/GraphSourceItemPos
instanceKlass com/jpexs/decompiler/graph/model/LocalData
instanceKlass com/jpexs/decompiler/flash/ecma/EcmaScript
instanceKlass com/jpexs/decompiler/graph/EqualsTypeItem
instanceKlass com/jpexs/decompiler/graph/model/BinaryOp
instanceKlass com/jpexs/decompiler/graph/model/IntegerValueTypeItem
instanceKlass com/jpexs/decompiler/graph/GraphPath
instanceKlass com/jpexs/decompiler/graph/SimpleValue
instanceKlass com/jpexs/decompiler/flash/action/model/operations/Inverted
instanceKlass com/jpexs/decompiler/graph/model/LogicalOpItem
instanceKlass com/jpexs/decompiler/graph/Block
instanceKlass com/jpexs/decompiler/graph/GraphPart
instanceKlass com/jpexs/decompiler/flash/action/Action$1
instanceKlass com/jpexs/decompiler/flash/helpers/hilight/Highlighting
instanceKlass com/jpexs/decompiler/flash/helpers/hilight/HighlightData
instanceKlass com/jpexs/decompiler/flash/helpers/CodeFormatting
instanceKlass com/jpexs/decompiler/flash/DecompilerPool$1
instanceKlass com/jpexs/decompiler/flash/gui/action/ActionPanel$3$$Lambda$224
instanceKlass com/jpexs/decompiler/flash/helpers/SWFDecompilerAdapter
instanceKlass com/jpexs/decompiler/flash/helpers/SWFDecompilerListener
instanceKlass com/jpexs/decompiler/flash/ecma/Null
instanceKlass com/jpexs/decompiler/flash/ecma/Undefined
instanceKlass com/jpexs/decompiler/graph/model/UnaryOp
instanceKlass com/jpexs/decompiler/flash/action/swf4/ConstantIndex
instanceKlass com/jpexs/decompiler/flash/action/swf4/RegisterNumber
instanceKlass com/jpexs/decompiler/flash/action/model/ConstantPool
instanceKlass com/jpexs/decompiler/flash/gui/action/ActionPanel$2$$Lambda$223
instanceKlass com/jpexs/decompiler/flash/action/model/SetTypeActionItem
instanceKlass com/jpexs/decompiler/graph/GraphTargetItem
instanceKlass com/jpexs/decompiler/flash/action/ActionListReader$1
instanceKlass com/jpexs/decompiler/flash/action/ActionListReader
instanceKlass com/jpexs/decompiler/flash/gui/action/ActionPanel$2
instanceKlass jsyntaxpane/components/TokenMarker
instanceKlass java/security/DomainCombiner
instanceKlass jsyntaxpane/UniTools
instanceKlass jsyntaxpane/SyntaxDocument$TokenIterator
instanceKlass com/jpexs/decompiler/flash/gui/action/ActionPanel$3$$Lambda$222
instanceKlass java/lang/invoke/LambdaForm$DMH
instanceKlass com/jpexs/decompiler/flash/action/deobfuscation/BrokenScriptDetector
instanceKlass com/jpexs/decompiler/flash/gui/editor/UndoFixedEditorPane$$Lambda$221
instanceKlass com/jpexs/decompiler/flash/gui/action/ActionPanel$$Lambda$220
instanceKlass com/jpexs/decompiler/flash/gui/action/ActionPanel$$Lambda$219
instanceKlass com/jpexs/decompiler/flash/gui/action/ActionPanel$7
instanceKlass com/jpexs/decompiler/flash/gui/action/ActionPanel$6
instanceKlass com/jpexs/decompiler/flash/gui/action/ActionPanel$5
instanceKlass com/jpexs/decompiler/flash/gui/DebugPanel$5
instanceKlass org/pushingpixels/lafwidget/tabbed/TabOverviewDialogWidget$1
instanceKlass org/pushingpixels/lafwidget/tabbed/TabHoverPreviewWidget$MouseRolloverHandler
instanceKlass org/pushingpixels/lafwidget/tabbed/TabPagerWidget$6
instanceKlass org/pushingpixels/lafwidget/tabbed/TabPagerMouseWheelListener
instanceKlass org/pushingpixels/substance/internal/ui/SubstanceTabbedPaneUI$1
instanceKlass org/pushingpixels/substance/internal/ui/SubstanceTabbedPaneUI$MouseRolloverHandler
instanceKlass javax/swing/plaf/basic/BasicTabbedPaneUI$Handler
instanceKlass org/pushingpixels/lafwidget/LafWidgetUtilities2
instanceKlass org/pushingpixels/lafwidget/tabbed/TabOverviewButton$1
instanceKlass javax/swing/plaf/basic/BasicTabbedPaneUI$TabbedPaneLayout
instanceKlass javax/swing/JTabbedPane$ModelListener
instanceKlass com/jpexs/decompiler/flash/gui/DebugPanel$4
instanceKlass com/jpexs/decompiler/flash/gui/DebugPanel$3
instanceKlass com/jpexs/decompiler/flash/gui/DebugPanel$2
instanceKlass de/hameister/treetable/MyTreeTableSelectionModel$1
instanceKlass de/hameister/treetable/MyTreeTableModelAdapter$1
instanceKlass com/jpexs/decompiler/flash/gui/abc/ABCPanel$VariableNode
instanceKlass com/jpexs/decompiler/flash/gui/abc/ABCPanel$VariablesTableModel
instanceKlass com/jpexs/decompiler/flash/gui/DebuggerHandler$TraceListener
instanceKlass de/hameister/treetable/MyTreeTableModel
instanceKlass com/jpexs/decompiler/flash/gui/action/ActionPanel$$Lambda$218
instanceKlass com/jpexs/decompiler/flash/gui/action/ActionPanel$$Lambda$217
instanceKlass com/jpexs/decompiler/flash/gui/action/ActionPanel$$Lambda$216
instanceKlass com/jpexs/decompiler/flash/gui/action/ActionPanel$$Lambda$215
instanceKlass com/jpexs/decompiler/flash/gui/action/ActionPanel$$Lambda$214
instanceKlass com/jpexs/decompiler/flash/gui/action/ActionPanel$$Lambda$213
instanceKlass com/jpexs/decompiler/flash/gui/action/ActionPanel$$Lambda$212
instanceKlass com/jpexs/decompiler/flash/gui/action/ActionPanel$$Lambda$211
instanceKlass com/jpexs/decompiler/flash/gui/action/ActionPanel$$Lambda$210
instanceKlass javax/swing/ButtonGroup
instanceKlass com/jpexs/decompiler/flash/gui/action/ActionPanel$$Lambda$209
instanceKlass com/jpexs/decompiler/flash/gui/action/ActionPanel$$Lambda$208
instanceKlass com/jpexs/decompiler/flash/gui/action/ActionPanel$$Lambda$207
instanceKlass com/jpexs/decompiler/flash/gui/action/ActionPanel$$Lambda$206
instanceKlass com/jpexs/decompiler/flash/gui/action/ActionPanel$4
instanceKlass com/jpexs/decompiler/flash/search/ActionSearchResult
instanceKlass com/jpexs/decompiler/flash/helpers/HighlightedText
instanceKlass com/jpexs/decompiler/flash/DisassemblyListener
instanceKlass com/jpexs/decompiler/graph/Graph
instanceKlass com/jpexs/decompiler/flash/search/ScriptSearchListener
instanceKlass jsyntaxpane/components/LineMarkerPainter
instanceKlass jsyntaxpane/components/BreakPointListener
instanceKlass sun/security/ssl/Alert$AlertConsumer
instanceKlass java/awt/Polygon$PolygonPathIterator
instanceKlass com/jpexs/javactivex/ICOMInstance
instanceKlass com/jpexs/javactivex/Reference
instanceKlass com/jpexs/javactivex/RemoveListener
instanceKlass java/math/MathContext
instanceKlass com/jpexs/decompiler/flash/gui/player/PlayerControls$$Lambda$205
instanceKlass com/jpexs/decompiler/flash/exporters/PreviewExporter
instanceKlass javax/swing/text/html/CSS$ShorthandBorderParser
instanceKlass javax/swing/text/DefaultStyledDocument$ChangeUpdateRunnable
instanceKlass javax/swing/text/html/TableView$ColumnIterator
instanceKlass javax/swing/text/html/TableView$RowIterator
instanceKlass javax/swing/text/html/CSS$LayoutIterator
instanceKlass javax/swing/text/DefaultStyledDocument$ElementBuffer$ElemChanges
instanceKlass javax/swing/text/DefaultStyledDocument$ElementSpec
instanceKlass javax/swing/text/html/parser/ContentModelState
instanceKlass javax/swing/text/html/parser/TagStack
instanceKlass javax/swing/text/html/parser/TagElement
instanceKlass javax/swing/text/html/parser/Parser
instanceKlass javax/swing/text/html/HTMLDocument$HTMLReader$TagAction
instanceKlass javax/swing/text/html/HTMLEditorKit$ParserCallback
instanceKlass com/jpexs/decompiler/flash/types/GRADRECORD
instanceKlass com/jpexs/decompiler/flash/types/LINESTYLEARRAY
instanceKlass com/jpexs/decompiler/flash/types/FILLSTYLE
instanceKlass com/jpexs/decompiler/flash/types/FieldChangeObserver
instanceKlass com/jpexs/decompiler/flash/types/FILLSTYLEARRAY
instanceKlass com/jpexs/decompiler/flash/tags/TagInfo$TagInfoItem
instanceKlass sun/awt/ModalExclude
instanceKlass org/pushingpixels/substance/internal/utils/PairwiseButtonBackgroundDelegate$1
instanceKlass org/pushingpixels/substance/internal/utils/PairwiseButtonBackgroundDelegate
instanceKlass javax/swing/JComponent$ActionStandin
instanceKlass javax/swing/TransferHandler$DropLocation
instanceKlass javax/swing/JComponent$IntVector
instanceKlass javax/swing/JComponent$KeyboardState
instanceKlass java/awt/KeyboardFocusManager$5
instanceKlass sun/java2d/pipe/hw/AccelDeviceEventNotifier
instanceKlass com/jpexs/javactivex/ActiveXControl$6
instanceKlass com/jpexs/javactivex/ActiveXControl$5
instanceKlass com/sun/jna/Native$AWT
instanceKlass org/pushingpixels/substance/flamingo/utils/CommandButtonBackgroundDelegate
instanceKlass org/pushingpixels/flamingo/internal/ui/common/BasicCommandButtonUI$2$1
instanceKlass org/pushingpixels/flamingo/internal/ui/common/CommandButtonLayoutManagerMedium$1
instanceKlass java/awt/ColorPaintContext
instanceKlass org/pushingpixels/substance/internal/painter/SeparatorPainterUtils
instanceKlass org/pushingpixels/flamingo/internal/ui/common/CommandButtonLayoutManagerBig$1
instanceKlass org/pushingpixels/flamingo/api/common/CommandButtonLayoutManager$TextLayoutInfo
instanceKlass org/pushingpixels/flamingo/api/common/CommandButtonLayoutManager$CommandButtonLayoutInfo
instanceKlass sun/java2d/loops/ProcessPath$Edge
instanceKlass sun/java2d/loops/ProcessPath$ActiveEdgeList
instanceKlass sun/java2d/loops/ProcessPath$Point
instanceKlass sun/java2d/loops/ProcessPath$FillData
instanceKlass sun/java2d/loops/ProcessPath$ProcessHandler
instanceKlass sun/java2d/loops/ProcessPath$1
instanceKlass sun/java2d/loops/ProcessPath$EndSubPathHandler
instanceKlass sun/java2d/loops/ProcessPath
instanceKlass org/pushingpixels/substance/flamingo/ribbon/ui/RibbonBorderShaper
instanceKlass org/pushingpixels/flamingo/internal/utils/RenderingUtils
instanceKlass com/jpexs/decompiler/flash/gui/Main$$Lambda$204
instanceKlass javax/swing/JTable$5
instanceKlass javax/swing/JTable$4
instanceKlass javax/swing/JTable$2
instanceKlass javax/swing/JTable$Resizable3
instanceKlass javax/swing/JTable$Resizable2
instanceKlass java/text/BreakIterator
instanceKlass javax/swing/text/GlyphView$GlyphPainter
instanceKlass org/pushingpixels/flamingo/internal/ui/ribbon/BasicRibbonComponentUI$2
instanceKlass org/pushingpixels/flamingo/internal/ui/common/CommandButtonLayoutManagerMedium
instanceKlass org/pushingpixels/flamingo/api/ribbon/resize/CoreRibbonResizePolicies$1
instanceKlass org/pushingpixels/flamingo/api/common/RichToolTipManager$DismissTimerAction
instanceKlass org/pushingpixels/flamingo/api/common/RichToolTipManager$InitialDelayTimerAction
instanceKlass org/pushingpixels/substance/flamingo/ribbon/ui/SubstanceRibbonFrameTitlePane$1
instanceKlass org/pushingpixels/substance/internal/utils/SubstanceTitlePane$7
instanceKlass org/pushingpixels/substance/internal/ui/SubstanceScrollPaneUI$2$2
instanceKlass java/awt/LightweightDispatcher$2
instanceKlass java/awt/AWTEvent$2
instanceKlass java/awt/LightweightDispatcher$1
instanceKlass sun/awt/geom/Curve
instanceKlass java/awt/Container$MouseEventTargetFilter
instanceKlass java/awt/Container$EventTargetFilter
instanceKlass com/jpexs/decompiler/flash/gui/Main$OpenFileWorker$$Lambda$203
instanceKlass sun/awt/SunToolkit$1
instanceKlass java/awt/KeyboardFocusManager$2
instanceKlass javax/swing/tree/FixedHeightLayoutCache$VisibleFHTreeStateNodeEnumeration
instanceKlass com/jpexs/decompiler/flash/gui/tagtree/TagTreeSwfInfo
instanceKlass javax/swing/event/TreeWillExpandListener
instanceKlass com/jpexs/decompiler/flash/gui/tagtree/TagTreeModel$1
instanceKlass org/pushingpixels/substance/internal/ui/SubstanceScrollBarUI$4
instanceKlass com/jpexs/decompiler/flash/treeitems/AS3ClassTreeItem
instanceKlass com/jpexs/decompiler/flash/treeitems/HeaderItem
instanceKlass javax/swing/tree/PathPlaceHolder
instanceKlass com/jpexs/decompiler/flash/gui/helpers/CollectionChangedEvent$1
instanceKlass com/jpexs/decompiler/flash/gui/MainFrameStatusPanel$2
instanceKlass com/jpexs/decompiler/flash/gui/MainFrameRibbon$1
instanceKlass com/jpexs/decompiler/flash/gui/MainPanel$$Lambda$202
instanceKlass com/jpexs/decompiler/flash/gui/helpers/CollectionChangedListener
instanceKlass com/jpexs/decompiler/flash/gui/timeline/FrameSelectionListener
instanceKlass com/jpexs/decompiler/flash/gui/MainPanel$4
instanceKlass com/jpexs/decompiler/flash/gui/HeaderInfoPanel$$Lambda$201
instanceKlass com/jpexs/decompiler/flash/gui/HeaderInfoPanel$$Lambda$200
instanceKlass com/jpexs/decompiler/flash/gui/HeaderInfoPanel$$Lambda$199
instanceKlass com/jpexs/decompiler/flash/gui/HeaderInfoPanel$$Lambda$198
instanceKlass com/jpexs/decompiler/flash/gui/HeaderInfoPanel$$Lambda$197
instanceKlass sun/invoke/util/VerifyAccess$1
instanceKlass com/jpexs/decompiler/flash/gui/HeaderInfoPanel$$Lambda$196
instanceKlass org/pushingpixels/substance/internal/ui/SubstanceListUI$SubstanceListSelectionListener$1
instanceKlass org/pushingpixels/substance/internal/ui/SubstanceListUI$SubstanceListDataListener$1
instanceKlass com/jpexs/decompiler/flash/gui/ComboBoxItem
instanceKlass org/pushingpixels/substance/internal/ui/SubstanceSpinnerUI$1
instanceKlass org/pushingpixels/substance/internal/ui/SubstanceSpinnerUI$3
instanceKlass org/pushingpixels/substance/internal/ui/SubstanceSpinnerUI$2
instanceKlass org/pushingpixels/substance/internal/ui/SubstanceSpinnerUI$4
instanceKlass javax/swing/plaf/basic/BasicSpinnerUI$Handler
instanceKlass org/pushingpixels/substance/internal/ui/SubstanceSpinnerUI$SpinnerLayoutManager
instanceKlass javax/swing/text/GapContent$UndoPosRef
instanceKlass javax/swing/JSpinner$ModelListener
instanceKlass javax/swing/text/NavigationFilter$FilterBypass
instanceKlass javax/swing/text/NavigationFilter
instanceKlass javax/swing/text/DocumentFilter
instanceKlass javax/swing/JFormattedTextField$AbstractFormatterFactory
instanceKlass javax/swing/JFormattedTextField$AbstractFormatter
instanceKlass org/pushingpixels/substance/internal/ui/SubstanceFormattedTextFieldUI$2
instanceKlass javax/swing/JFormattedTextField$DocumentHandler
instanceKlass org/pushingpixels/substance/internal/ui/SubstanceFormattedTextFieldUI$3
instanceKlass org/pushingpixels/substance/internal/ui/SubstanceFormattedTextFieldUI$1
instanceKlass javax/swing/AbstractSpinnerModel
instanceKlass javax/swing/JSpinner$DisabledAction
instanceKlass javax/swing/SpinnerModel
instanceKlass com/jpexs/decompiler/flash/gui/dumpview/DumpViewPanel$4
instanceKlass com/jpexs/decompiler/flash/gui/dumpview/DumpViewPanel$1
instanceKlass com/jpexs/decompiler/flash/gui/helpers/TableLayoutHelper
instanceKlass com/jpexs/decompiler/flash/gui/FontPanel$$Lambda$195
instanceKlass com/jpexs/decompiler/flash/gui/FontPanel$$Lambda$194
instanceKlass com/jpexs/decompiler/flash/gui/FontPanel$$Lambda$193
instanceKlass com/jpexs/decompiler/flash/gui/FontPanel$$Lambda$192
instanceKlass com/jpexs/decompiler/flash/gui/FontPanel$$Lambda$191
instanceKlass com/jpexs/decompiler/flash/gui/FontPanel$$Lambda$190
instanceKlass com/jpexs/decompiler/flash/gui/FontPanel$3
instanceKlass com/jpexs/decompiler/flash/gui/FontPanel$2
instanceKlass com/jpexs/decompiler/flash/gui/FontFace
instanceKlass org/pushingpixels/substance/internal/ui/SubstanceListUI$1$1
instanceKlass sun/font/SunFontManager$TTorT1Filter
instanceKlass sun/font/CreatedFontTracker
instanceKlass org/pushingpixels/substance/internal/utils/SubstanceStripingUtils
instanceKlass com/jpexs/decompiler/flash/gui/FontPanel$$Lambda$189
instanceKlass com/jpexs/decompiler/flash/gui/FontPanel$$Lambda$188
instanceKlass javax/swing/text/DefaultCaret$1
instanceKlass javax/swing/text/AbstractDocument$UndoRedoDocumentEvent
instanceKlass javax/swing/event/DocumentEvent$ElementChange
instanceKlass javax/swing/text/SegmentCache
instanceKlass javax/swing/text/Utilities
instanceKlass layout/TableLayoutConstraints
instanceKlass layout/TableLayout
instanceKlass layout/TableLayoutConstants
instanceKlass org/pushingpixels/substance/internal/ui/SubstanceComboBoxUI$1
instanceKlass org/pushingpixels/substance/internal/utils/SubstanceCoreUtilities$TextComponentAware
instanceKlass javax/swing/plaf/basic/BasicComboBoxUI$DefaultKeySelectionManager
instanceKlass javax/swing/JComboBox$KeySelectionManager
instanceKlass javax/swing/plaf/basic/BasicComboBoxUI$ComboBoxLayoutManager
instanceKlass javax/swing/plaf/basic/BasicComboBoxUI$PropertyChangeHandler
instanceKlass javax/swing/plaf/basic/BasicComboBoxUI$Handler
instanceKlass javax/swing/text/Segment
instanceKlass javax/swing/plaf/basic/BasicComboBoxEditor
instanceKlass org/pushingpixels/substance/internal/ui/SubstanceComboBoxUI$3
instanceKlass javax/swing/plaf/basic/BasicComboPopup$Handler
instanceKlass org/pushingpixels/substance/internal/ui/SubstanceListUI$SubstanceListDataListener
instanceKlass org/pushingpixels/substance/internal/ui/SubstanceListUI$1
instanceKlass org/pushingpixels/substance/internal/ui/SubstanceListUI$RolloverFadeListener
instanceKlass org/pushingpixels/substance/internal/ui/SubstanceListUI$SubstanceListSelectionListener
instanceKlass javax/swing/plaf/basic/BasicListUI$Handler
instanceKlass javax/swing/plaf/basic/BasicComboPopup$EmptyListModelClass
instanceKlass org/pushingpixels/substance/internal/ui/SubstanceComboBoxUI$2
instanceKlass org/pushingpixels/substance/internal/utils/combo/ComboBoxBackgroundDelegate
instanceKlass javax/swing/ComboBoxEditor
instanceKlass javax/swing/AncestorNotifier
instanceKlass javax/swing/JComboBox$1
instanceKlass javax/swing/AbstractListModel
instanceKlass javax/swing/MutableComboBoxModel
instanceKlass org/pushingpixels/substance/internal/ui/SubstanceTextAreaUI$1
instanceKlass org/pushingpixels/substance/internal/ui/SubstanceTextAreaUI$2
instanceKlass com/jpexs/decompiler/flash/gui/FontFamily
instanceKlass javax/swing/ComboBoxModel
instanceKlass javax/swing/ListModel
instanceKlass com/jpexs/decompiler/flash/gui/TextPanel$$Lambda$187
instanceKlass com/jpexs/decompiler/flash/gui/TextPanel$$Lambda$186
instanceKlass com/jpexs/decompiler/flash/gui/TextPanel$$Lambda$185
instanceKlass com/jpexs/decompiler/flash/gui/TextPanel$$Lambda$184
instanceKlass com/jpexs/decompiler/flash/gui/TextPanel$$Lambda$183
instanceKlass com/jpexs/decompiler/flash/gui/TextPanel$$Lambda$182
instanceKlass java/util/concurrent/RunnableScheduledFuture
instanceKlass java/util/concurrent/ScheduledFuture
instanceKlass java/util/concurrent/ScheduledExecutorService
instanceKlass com/jpexs/decompiler/flash/gui/TextPanel$$Lambda$181
instanceKlass com/jpexs/decompiler/flash/gui/TextPanel$$Lambda$180
instanceKlass com/jpexs/decompiler/flash/gui/TextPanel$$Lambda$179
instanceKlass com/jpexs/decompiler/flash/gui/TextPanel$$Lambda$178
instanceKlass com/jpexs/decompiler/flash/gui/TextPanel$$Lambda$177
instanceKlass com/jpexs/decompiler/flash/gui/TextPanel$$Lambda$176
instanceKlass com/jpexs/decompiler/flash/gui/TextPanel$$Lambda$175
instanceKlass com/jpexs/decompiler/flash/gui/TextPanel$$Lambda$174
instanceKlass com/jpexs/decompiler/flash/gui/SearchPanel$$Lambda$173
instanceKlass com/jpexs/decompiler/flash/gui/SearchPanel$$Lambda$172
instanceKlass com/jpexs/decompiler/flash/gui/SearchPanel$$Lambda$171
instanceKlass com/jpexs/decompiler/flash/gui/PreviewPanel$$Lambda$170
instanceKlass com/jpexs/decompiler/flash/gui/PreviewPanel$$Lambda$169
instanceKlass com/jpexs/decompiler/flash/gui/PreviewPanel$$Lambda$168
instanceKlass javax/swing/tree/DefaultMutableTreeNode$PreorderEnumeration
instanceKlass javax/swing/JTree$TreeModelHandler
instanceKlass javax/swing/tree/DefaultMutableTreeNode
instanceKlass javax/swing/tree/MutableTreeNode
instanceKlass javax/swing/Spring
instanceKlass javax/swing/SpringLayout
instanceKlass javax/swing/tree/DefaultTreeModel
instanceKlass com/jpexs/decompiler/flash/types/annotations/SWFType
instanceKlass com/jpexs/decompiler/flash/gui/generictageditors/FullSized
instanceKlass com/jpexs/decompiler/flash/gui/generictageditors/GenericTagEditor
instanceKlass com/jpexs/decompiler/flash/gui/PreviewPanel$$Lambda$167
instanceKlass com/jpexs/decompiler/flash/gui/PreviewPanel$$Lambda$166
instanceKlass com/jpexs/decompiler/flash/gui/PreviewPanel$$Lambda$165
instanceKlass com/jpexs/decompiler/flash/gui/PreviewPanel$$Lambda$164
instanceKlass jsyntaxpane/actions/ActionUtils
instanceKlass javax/swing/event/UndoableEditListener
instanceKlass org/pushingpixels/substance/internal/ui/SubstanceCheckBoxMenuItemUI$1
instanceKlass jsyntaxpane/components/PairsMarker
instanceKlass jsyntaxpane/components/SyntaxComponent
instanceKlass sun/awt/image/PNGImageDecoder$Chromaticities
instanceKlass com/sun/org/apache/xml/internal/utils/XMLReaderManager
instanceKlass com/sun/org/apache/xml/internal/serializer/OutputPropertiesFactory$1
instanceKlass com/sun/org/apache/xml/internal/serializer/OutputPropertiesFactory
instanceKlass com/sun/org/apache/xalan/internal/xsltc/DOMCache
instanceKlass com/sun/org/apache/xalan/internal/utils/XMLSecurityManager
instanceKlass com/sun/org/apache/xalan/internal/utils/SecuritySupport$9
instanceKlass com/sun/org/apache/xalan/internal/utils/SecuritySupport$4
instanceKlass com/sun/org/apache/xalan/internal/utils/SecuritySupport
instanceKlass com/sun/org/apache/xalan/internal/utils/FeaturePropertyBase
instanceKlass jdk/xml/internal/SecuritySupport$3
instanceKlass jdk/xml/internal/SecuritySupport$1
instanceKlass jdk/xml/internal/SecuritySupport
instanceKlass jdk/xml/internal/JdkXmlFeatures
instanceKlass javax/xml/transform/ErrorListener
instanceKlass com/sun/org/apache/xalan/internal/xsltc/compiler/SourceLoader
instanceKlass javax/xml/transform/SecuritySupport$1
instanceKlass javax/xml/transform/FactoryFinder$1
instanceKlass javax/xml/transform/SecuritySupport$5
instanceKlass javax/xml/transform/SecuritySupport$2
instanceKlass javax/xml/transform/SecuritySupport
instanceKlass javax/xml/transform/FactoryFinder
instanceKlass javax/xml/transform/TransformerFactory
instanceKlass javax/xml/parsers/DocumentBuilder
instanceKlass javax/xml/transform/Transformer
instanceKlass javax/xml/parsers/DocumentBuilderFactory
instanceKlass java/util/Formattable
instanceKlass jsyntaxpane/util/ReflectUtils
instanceKlass jsyntaxpane/actions/SyntaxAction
instanceKlass jsyntaxpane/util/Configuration$StringKeyMatcher
instanceKlass jsyntaxpane/SyntaxStyle
instanceKlass jsyntaxpane/SyntaxStyles
instanceKlass java/util/Collections$UnmodifiableMap$UnmodifiableEntrySet$UnmodifiableEntry
instanceKlass java/util/Collections$UnmodifiableMap$UnmodifiableEntrySet$1
instanceKlass org/pushingpixels/substance/internal/ui/SubstanceEditorPaneUI$1$1
instanceKlass com/jpexs/decompiler/flash/helpers/FontHelper
instanceKlass com/jpexs/decompiler/flash/gui/editor/LineMarkedEditorPane$2
instanceKlass com/jpexs/decompiler/flash/gui/editor/LineMarkedEditorPane$1
instanceKlass com/jpexs/decompiler/flash/gui/editor/UndoFixedEditorPane$1
instanceKlass com/jpexs/helpers/Reference
instanceKlass com/jpexs/decompiler/flash/gui/editor/LineMarkedEditorPane$LineMarker
instanceKlass jsyntaxpane/Token
instanceKlass com/jpexs/decompiler/flash/gui/editor/TextChangedListener
instanceKlass com/jpexs/decompiler/flash/gui/PreviewPanel$$Lambda$163
instanceKlass com/jpexs/decompiler/flash/gui/hexview/HexView$HexViewSelectionListener
instanceKlass org/pushingpixels/substance/internal/ui/SubstanceTableUI$1$1
instanceKlass org/pushingpixels/substance/internal/ui/SubstanceTableUI$2
instanceKlass org/pushingpixels/substance/internal/ui/SubstanceTableUI$RolloverFadeListener
instanceKlass org/pushingpixels/substance/internal/ui/SubstanceTableUI$TableStateListener
instanceKlass org/pushingpixels/substance/internal/ui/SubstanceTableUI$1
instanceKlass javax/swing/plaf/basic/BasicTableUI$Handler
instanceKlass javax/swing/DefaultCellEditor$EditorDelegate
instanceKlass org/pushingpixels/substance/internal/ui/SubstanceTableUI$TableCellId
instanceKlass org/pushingpixels/substance/internal/utils/UpdateOptimizationInfo
instanceKlass org/pushingpixels/substance/internal/utils/UpdateOptimizationAware
instanceKlass org/pushingpixels/substance/internal/ui/SubstanceTableHeaderUI$2
instanceKlass org/pushingpixels/substance/internal/ui/SubstanceTableHeaderUI$1
instanceKlass org/pushingpixels/substance/internal/ui/SubstanceTableHeaderUI$TableHeaderListener
instanceKlass javax/swing/plaf/basic/BasicTableHeaderUI$MouseInputHandler
instanceKlass org/pushingpixels/substance/internal/animation/StateTransitionMultiTracker
instanceKlass javax/swing/plaf/basic/BasicTableHeaderUI$1
instanceKlass sun/swing/table/DefaultTableCellHeaderRenderer$EmptyIcon
instanceKlass javax/swing/JTable$$Lambda$162
instanceKlass javax/swing/JTable$$Lambda$161
instanceKlass javax/swing/JTable$$Lambda$160
instanceKlass javax/swing/JTable$$Lambda$159
instanceKlass javax/swing/JTable$$Lambda$158
instanceKlass javax/swing/JTable$$Lambda$157
instanceKlass javax/swing/JTable$$Lambda$156
instanceKlass javax/swing/JTable$$Lambda$155
instanceKlass javax/swing/JTable$$Lambda$154
instanceKlass javax/swing/JTable$$Lambda$153
instanceKlass javax/swing/JTable$$Lambda$152
instanceKlass javax/swing/table/TableColumn
instanceKlass javax/swing/table/DefaultTableColumnModel
instanceKlass javax/swing/table/TableColumnModel
instanceKlass com/jpexs/decompiler/flash/gui/hexview/HexViewListener
instanceKlass javax/swing/table/AbstractTableModel
instanceKlass javax/swing/table/TableModel
instanceKlass com/jpexs/decompiler/flash/gui/ButtonsPanel$2
instanceKlass com/jpexs/decompiler/flash/gui/PreviewPanel$$Lambda$151
instanceKlass com/jpexs/decompiler/flash/gui/PreviewPanel$$Lambda$150
instanceKlass com/jpexs/decompiler/flash/gui/PreviewPanel$$Lambda$149
instanceKlass com/jpexs/decompiler/flash/gui/PreviewPanel$$Lambda$148
instanceKlass com/jpexs/decompiler/flash/tags/base/RenderContext
instanceKlass com/jpexs/decompiler/flash/action/ActionScriptObject
instanceKlass com/jpexs/decompiler/flash/gui/player/PlayerControls$$Lambda$147
instanceKlass com/jpexs/decompiler/flash/gui/player/PlayerControls$$Lambda$146
instanceKlass com/jpexs/decompiler/flash/gui/player/PlayerControls$$Lambda$145
instanceKlass com/jpexs/decompiler/flash/gui/player/PlayerControls$$Lambda$144
instanceKlass com/jpexs/decompiler/flash/gui/player/PlayerControls$$Lambda$143
instanceKlass com/jpexs/decompiler/flash/gui/player/PlayerControls$$Lambda$142
instanceKlass com/jpexs/decompiler/flash/gui/player/PlayerControls$$Lambda$141
instanceKlass com/jpexs/decompiler/flash/gui/player/PlayerControls$$Lambda$140
instanceKlass com/jpexs/decompiler/flash/gui/player/PlayerControls$$Lambda$139
instanceKlass com/jpexs/decompiler/flash/gui/player/PlayerControls$$Lambda$138
instanceKlass com/jpexs/decompiler/flash/gui/player/PlayerControls$$Lambda$137
instanceKlass com/jpexs/decompiler/flash/gui/player/PlayerControls$$Lambda$136
instanceKlass sun/font/AttributeValues$1
instanceKlass java/lang/invoke/LambdaForm$MH
instanceKlass com/jpexs/decompiler/flash/gui/controls/JPersistentSplitPane$$Lambda$135
instanceKlass java/lang/invoke/LambdaForm$DMH
instanceKlass com/jpexs/decompiler/flash/gui/controls/JPersistentSplitPane$3
instanceKlass org/pushingpixels/substance/internal/ui/SubstanceSplitPaneUI$1
instanceKlass javax/swing/plaf/basic/BasicSplitPaneUI$Handler
instanceKlass javax/swing/plaf/basic/BasicSplitPaneUI$BasicHorizontalLayoutManager
instanceKlass org/pushingpixels/substance/internal/utils/SubstanceSplitPaneDivider$1
instanceKlass javax/swing/plaf/basic/BasicSplitPaneDivider$DividerLayout
instanceKlass com/jpexs/helpers/SerializableImage
instanceKlass com/jpexs/decompiler/flash/gui/generictageditors/ChangeListener
instanceKlass javax/xml/transform/Source
instanceKlass javax/xml/transform/Result
instanceKlass sun/security/ssl/SecureKey
instanceKlass jsyntaxpane/lexers/EmptyLexer
instanceKlass jsyntaxpane/lexers/DefaultJFlexLexer
instanceKlass jsyntaxpane/Lexer
instanceKlass sun/font/SunFontManager$11
instanceKlass java/awt/event/MouseEvent$1
instanceKlass sun/awt/AWTAccessor$MouseEventAccessor
instanceKlass sun/font/SunFontManager$4
instanceKlass sun/font/SunFontManager$10
instanceKlass sun/font/SunFontManager$13
instanceKlass jsyntaxpane/util/JarServiceProvider
instanceKlass jsyntaxpane/util/Configuration
instanceKlass com/jpexs/decompiler/flash/gui/MainFrameStatusPanel$$Lambda$134
instanceKlass com/jpexs/decompiler/flash/gui/MainFrameStatusPanel$$Lambda$133
instanceKlass com/jpexs/decompiler/flash/gui/dumpview/DumpTree$$Lambda$132
instanceKlass com/jpexs/decompiler/flash/gui/dumpview/DumpTree$$Lambda$131
instanceKlass com/jpexs/decompiler/flash/gui/dumpview/DumpTree$$Lambda$130
instanceKlass com/jpexs/decompiler/flash/gui/dumpview/DumpTree$$Lambda$129
instanceKlass com/jpexs/decompiler/flash/gui/dumpview/DumpTree$$Lambda$128
instanceKlass java/lang/invoke/LambdaForm$BMH
instanceKlass com/jpexs/decompiler/flash/gui/dumpview/DumpTree$$Lambda$127
instanceKlass com/jpexs/decompiler/flash/gui/dumpview/DumpTree$$Lambda$126
instanceKlass com/jpexs/decompiler/flash/gui/dumpview/DumpTree$$Lambda$125
instanceKlass com/jpexs/decompiler/flash/gui/dumpview/DumpTree$$Lambda$124
instanceKlass com/jpexs/decompiler/flash/gui/dumpview/DumpTree$$Lambda$123
instanceKlass com/jpexs/decompiler/flash/gui/dumpview/DumpTreeModel
instanceKlass com/jpexs/decompiler/flash/gui/tagtree/TagTreeContextMenu$$Lambda$122
instanceKlass com/jpexs/decompiler/flash/gui/tagtree/TagTreeContextMenu$$Lambda$121
instanceKlass com/jpexs/decompiler/flash/gui/tagtree/TagTreeContextMenu$$Lambda$120
instanceKlass com/jpexs/decompiler/flash/gui/tagtree/TagTreeContextMenu$$Lambda$119
instanceKlass com/jpexs/decompiler/flash/gui/tagtree/TagTreeContextMenu$$Lambda$118
instanceKlass com/jpexs/decompiler/flash/gui/tagtree/TagTreeContextMenu$$Lambda$117
instanceKlass com/jpexs/decompiler/flash/gui/tagtree/TagTreeContextMenu$$Lambda$116
instanceKlass com/jpexs/decompiler/flash/gui/tagtree/TagTreeContextMenu$$Lambda$115
instanceKlass com/jpexs/decompiler/flash/gui/tagtree/TagTreeContextMenu$$Lambda$114
instanceKlass com/jpexs/decompiler/flash/gui/tagtree/TagTreeContextMenu$$Lambda$113
instanceKlass com/jpexs/decompiler/flash/gui/tagtree/TagTreeContextMenu$$Lambda$112
instanceKlass com/jpexs/decompiler/flash/gui/tagtree/TagTreeContextMenu$$Lambda$111
instanceKlass com/jpexs/decompiler/flash/gui/tagtree/TagTreeContextMenu$$Lambda$110
instanceKlass com/jpexs/decompiler/flash/gui/tagtree/TagTreeContextMenu$$Lambda$109
instanceKlass com/jpexs/decompiler/flash/gui/tagtree/TagTreeContextMenu$$Lambda$108
instanceKlass java/awt/dnd/DragGestureRecognizer
instanceKlass java/awt/datatransfer/Transferable
instanceKlass java/awt/dnd/DragSourceListener
instanceKlass com/jpexs/decompiler/flash/gui/MainPanel$2
instanceKlass java/awt/Cursor$CursorDisposer
instanceKlass java/awt/image/PixelGrabber
instanceKlass java/awt/image/FilteredImageSource
instanceKlass java/awt/image/ImageFilter
instanceKlass sun/awt/image/GifFrame
instanceKlass java/awt/Cursor$2
instanceKlass java/awt/Cursor$3
instanceKlass java/awt/dnd/DragSource
instanceKlass javax/swing/JTree$TreeSelectionRedirector
instanceKlass javax/swing/tree/FixedHeightLayoutCache$SearchInfo
instanceKlass javax/swing/AbstractCellEditor
instanceKlass javax/swing/tree/TreeCellEditor
instanceKlass javax/swing/table/TableCellEditor
instanceKlass javax/swing/CellEditor
instanceKlass javax/swing/tree/AbstractLayoutCache$NodeDimensions
instanceKlass javax/swing/tree/AbstractLayoutCache
instanceKlass javax/swing/tree/RowMapper
instanceKlass org/pushingpixels/substance/internal/utils/SkinUtilities$10$1
instanceKlass javax/swing/plaf/basic/BasicTreeUI$Handler
instanceKlass javax/swing/event/TreeModelListener
instanceKlass javax/swing/event/TreeExpansionListener
instanceKlass javax/swing/tree/TreePath
instanceKlass javax/swing/DefaultListSelectionModel
instanceKlass javax/swing/ListSelectionModel
instanceKlass javax/swing/tree/DefaultTreeSelectionModel
instanceKlass com/jpexs/decompiler/flash/gui/tagtree/TagTreeModel
instanceKlass com/jpexs/decompiler/flash/gui/TagInfoPanel$1
instanceKlass javax/swing/text/TabableView
instanceKlass javax/swing/text/html/StyleSheet$1
instanceKlass javax/swing/text/html/CSSBorder$StrokePainter
instanceKlass javax/swing/text/html/CSSBorder$SolidPainter
instanceKlass javax/swing/text/html/CSSBorder$NullPainter
instanceKlass javax/swing/text/html/CSSBorder$BorderPainter
instanceKlass javax/swing/text/html/StyleSheet$BoxPainter
instanceKlass javax/swing/text/html/StyleSheet$SearchBuffer
instanceKlass javax/swing/text/html/MuxingAttributeSet
instanceKlass javax/swing/text/FlowView$FlowStrategy
instanceKlass javax/swing/text/DefaultStyledDocument$AbstractChangeHandler
instanceKlass javax/swing/text/html/parser/AttributeList
instanceKlass javax/swing/text/html/parser/ContentModel
instanceKlass javax/swing/text/html/parser/ParserDelegator$1
instanceKlass javax/swing/text/html/parser/Entity
instanceKlass javax/swing/text/html/parser/Element
instanceKlass javax/swing/text/html/parser/DTD
instanceKlass javax/swing/text/html/parser/DTDConstants
instanceKlass javax/swing/text/html/HTMLEditorKit$Parser
instanceKlass javax/swing/event/DocumentEvent$EventType
instanceKlass javax/swing/event/DocumentEvent
instanceKlass javax/swing/undo/AbstractUndoableEdit
instanceKlass javax/swing/undo/UndoableEdit
instanceKlass javax/swing/text/DefaultStyledDocument$ElementBuffer
instanceKlass javax/swing/text/html/CSS$ShorthandMarginParser
instanceKlass javax/swing/text/html/CSS$LengthUnit
instanceKlass javax/swing/text/html/CSSParser
instanceKlass javax/swing/text/html/StyleSheet$CssParser
instanceKlass javax/swing/text/html/CSSParser$CSSParserCallback
instanceKlass javax/swing/text/html/HTMLEditorKit$1
instanceKlass javax/swing/text/html/StyleSheet$SelectorMapping
instanceKlass javax/swing/text/html/CSS$CssValue
instanceKlass javax/swing/text/html/CSS$Value
instanceKlass javax/swing/text/html/CSS$Attribute
instanceKlass javax/swing/text/html/CSS
instanceKlass javax/swing/text/StyledEditorKit$AttributeTracker
instanceKlass javax/swing/text/html/HTML$Attribute
instanceKlass javax/swing/text/html/HTML
instanceKlass javax/swing/text/html/HTML$Tag
instanceKlass javax/swing/event/CaretListener
instanceKlass javax/swing/text/html/HTMLEditorKit$HTMLFactory
instanceKlass javax/swing/text/StyledEditorKit$StyledViewFactory
instanceKlass org/pushingpixels/substance/internal/ui/SubstanceEditorPaneUI$1
instanceKlass javax/swing/text/StyledDocument
instanceKlass org/pushingpixels/substance/internal/ui/SubstanceEditorPaneUI$2
instanceKlass com/jpexs/decompiler/flash/tags/TagInfo
instanceKlass javax/swing/event/HyperlinkListener
instanceKlass java/awt/CardLayout$Card
instanceKlass java/awt/CardLayout
instanceKlass com/jpexs/decompiler/flash/gui/helpers/ObservableList
instanceKlass com/jpexs/decompiler/flash/treeitems/FolderItem
instanceKlass com/jpexs/decompiler/flash/gui/helpers/CollectionChangedEvent
instanceKlass com/jpexs/decompiler/flash/gui/editor/LinkHandler
instanceKlass com/jpexs/decompiler/flash/importers/As3ScriptReplacerInterface
instanceKlass javax/swing/tree/TreeModel
instanceKlass com/jpexs/decompiler/flash/tags/base/MissingCharacterHandler
instanceKlass com/jpexs/decompiler/flash/gui/TagEditorPanel
instanceKlass java/awt/dnd/DragGestureListener
instanceKlass javax/swing/tree/TreeSelectionModel
instanceKlass org/pushingpixels/flamingo/internal/ui/ribbon/BasicRibbonUI$6
instanceKlass org/pushingpixels/substance/flamingo/ribbon/ui/SubstanceRibbonTaskToggleButtonUI$2
instanceKlass org/pushingpixels/flamingo/api/common/popup/PopupPanelManager
instanceKlass org/pushingpixels/flamingo/internal/ui/ribbon/BasicRibbonTaskToggleButtonUI$1
instanceKlass org/pushingpixels/substance/flamingo/ribbon/ui/SubstanceRibbonTaskToggleButtonUI$1
instanceKlass org/pushingpixels/substance/flamingo/ribbon/RibbonBackgroundDelegate
instanceKlass org/pushingpixels/flamingo/api/common/popup/PopupPanelManager$PopupListener
instanceKlass org/pushingpixels/flamingo/internal/ui/ribbon/BasicRibbonUI$2$1
instanceKlass com/jpexs/decompiler/flash/gui/MainFrameMenu$$Lambda$107
instanceKlass com/jpexs/decompiler/flash/gui/MainFrameMenu$$Lambda$106
instanceKlass com/jpexs/decompiler/flash/gui/MainFrameMenu$$Lambda$105
instanceKlass sun/misc/ProxyGenerator$1
instanceKlass com/sun/jna/platform/win32/Advapi32
instanceKlass com/sun/jna/platform/win32/Advapi32Util
instanceKlass com/sun/jna/platform/win32/WinReg
instanceKlass com/jpexs/decompiler/flash/console/ContextMenuTools
instanceKlass com/jpexs/decompiler/flash/gui/MainFrameMenu$$Lambda$104
instanceKlass com/jpexs/decompiler/flash/gui/MainFrameMenu$$Lambda$103
instanceKlass com/jpexs/decompiler/flash/gui/MainFrameMenu$$Lambda$102
instanceKlass com/jpexs/decompiler/flash/gui/MainFrameMenu$$Lambda$101
instanceKlass com/jpexs/decompiler/flash/gui/MainFrameMenu$$Lambda$100
instanceKlass com/jpexs/decompiler/flash/gui/MainFrameMenu$$Lambda$99
instanceKlass com/jpexs/decompiler/flash/gui/MainFrameMenu$$Lambda$98
instanceKlass com/jpexs/decompiler/flash/gui/MainFrameMenu$$Lambda$97
instanceKlass com/jpexs/decompiler/flash/configuration/ConfigurationItemChangeListener
instanceKlass org/pushingpixels/flamingo/internal/ui/ribbon/BasicRibbonComponentUI$ExtComponentLayout
instanceKlass org/pushingpixels/flamingo/internal/ui/ribbon/BasicRibbonComponentUI$1
instanceKlass org/pushingpixels/substance/internal/ui/SubstanceRadioButtonUI$1
instanceKlass javax/swing/plaf/basic/BasicIconFactory$CheckBoxIcon
instanceKlass com/jpexs/decompiler/flash/gui/MainFrameMenu$$Lambda$96
instanceKlass com/jpexs/decompiler/flash/gui/MainFrameMenu$$Lambda$95
instanceKlass com/jpexs/decompiler/flash/gui/MainFrameMenu$$Lambda$94
instanceKlass com/jpexs/decompiler/flash/gui/MainFrameMenu$$Lambda$93
instanceKlass com/jpexs/decompiler/flash/gui/MainFrameMenu$$Lambda$92
instanceKlass com/jpexs/decompiler/flash/gui/MainFrameMenu$$Lambda$91
instanceKlass com/jpexs/decompiler/flash/gui/MainFrameMenu$$Lambda$90
instanceKlass com/jpexs/decompiler/flash/gui/MainFrameMenu$$Lambda$89
instanceKlass com/jpexs/decompiler/flash/gui/MainFrameMenu$$Lambda$88
instanceKlass com/jpexs/decompiler/flash/gui/MainFrameMenu$$Lambda$87
instanceKlass com/jpexs/decompiler/flash/gui/MainFrameMenu$$Lambda$86
instanceKlass com/jpexs/decompiler/flash/gui/MainFrameMenu$$Lambda$85
instanceKlass com/jpexs/decompiler/flash/gui/MainFrameMenu$$Lambda$84
instanceKlass com/jpexs/decompiler/flash/gui/MainFrameMenu$$Lambda$83
instanceKlass com/jpexs/decompiler/flash/gui/MainFrameMenu$$Lambda$82
instanceKlass com/jpexs/decompiler/flash/gui/MainFrameMenu$$Lambda$81
instanceKlass com/jpexs/decompiler/flash/gui/MainFrameMenu$$Lambda$80
instanceKlass com/jpexs/decompiler/flash/gui/MainFrameMenu$$Lambda$79
instanceKlass com/jpexs/decompiler/flash/gui/MainFrameMenu$$Lambda$78
instanceKlass com/jpexs/decompiler/flash/gui/MainFrameMenu$$Lambda$77
instanceKlass com/jpexs/decompiler/flash/gui/MainFrameMenu$$Lambda$76
instanceKlass com/jpexs/decompiler/flash/gui/MainFrameMenu$$Lambda$75
instanceKlass com/jpexs/decompiler/flash/gui/MainFrameMenu$$Lambda$74
instanceKlass com/jpexs/decompiler/flash/gui/MainFrameMenu$$Lambda$73
instanceKlass com/jpexs/decompiler/flash/gui/MainFrameMenu$$Lambda$72
instanceKlass com/jpexs/decompiler/flash/gui/MainFrameMenu$$Lambda$71
instanceKlass com/jpexs/decompiler/flash/gui/MainFrameMenu$$Lambda$70
instanceKlass org/pushingpixels/flamingo/api/ribbon/resize/BaseRibbonBandResizeSequencingPolicy
instanceKlass org/pushingpixels/flamingo/api/ribbon/resize/RibbonBandResizeSequencingPolicy
instanceKlass com/jpexs/decompiler/flash/gui/MainFrameRibbonMenu$4
instanceKlass com/jpexs/decompiler/flash/gui/MainFrameMenu$$Lambda$69
instanceKlass com/jpexs/decompiler/flash/gui/MainFrameMenu$$Lambda$68
instanceKlass org/pushingpixels/flamingo/api/common/CommandToggleButtonGroup$1
instanceKlass org/pushingpixels/substance/flamingo/common/ui/SubstanceCommandToggleButtonUI$1
instanceKlass com/jpexs/decompiler/flash/gui/MainFrameMenu$$Lambda$67
instanceKlass com/jpexs/decompiler/flash/gui/MainFrameMenu$$Lambda$66
instanceKlass com/jpexs/decompiler/flash/gui/MainFrameMenu$$Lambda$65
instanceKlass com/jpexs/decompiler/flash/gui/MainFrameMenu$$Lambda$64
instanceKlass com/jpexs/decompiler/flash/gui/MainFrameMenu$$Lambda$63
instanceKlass com/jpexs/decompiler/flash/gui/MainFrameMenu$$Lambda$62
instanceKlass com/jpexs/decompiler/flash/gui/MainFrameMenu$$Lambda$61
instanceKlass com/jpexs/decompiler/flash/gui/MainFrameMenu$$Lambda$60
instanceKlass com/jpexs/decompiler/flash/gui/MainFrameMenu$$Lambda$59
instanceKlass com/jpexs/decompiler/flash/gui/MainFrameMenu$$Lambda$58
instanceKlass org/pushingpixels/flamingo/internal/ui/ribbon/JBandControlPanel$ControlPanelGroup
instanceKlass java/awt/font/LineMetrics
instanceKlass sun/font/CoreMetrics
instanceKlass sun/font/StandardGlyphVector$GlyphStrike
instanceKlass sun/font/FontSubstitution
instanceKlass java/awt/font/GlyphVector
instanceKlass com/jpexs/decompiler/flash/gui/MainFrameMenu$$Lambda$57
instanceKlass com/jpexs/decompiler/flash/gui/MainFrameMenu$$Lambda$56
instanceKlass com/jpexs/decompiler/flash/gui/MainFrameMenu$$Lambda$55
instanceKlass com/jpexs/decompiler/flash/gui/MainFrameMenu$$Lambda$54
instanceKlass com/jpexs/decompiler/flash/gui/MainFrameMenu$$Lambda$53
instanceKlass com/jpexs/decompiler/flash/gui/MainFrameMenu$$Lambda$52
instanceKlass com/jpexs/decompiler/flash/gui/MainFrameMenu$$Lambda$51
instanceKlass com/jpexs/decompiler/flash/gui/MainFrameMenu$$Lambda$50
instanceKlass com/jpexs/decompiler/flash/gui/MainFrameMenu$$Lambda$49
instanceKlass com/jpexs/decompiler/flash/gui/MainFrameRibbonMenu$2
instanceKlass org/pushingpixels/flamingo/api/ribbon/resize/CoreRibbonResizePolicies$High2Low$1
instanceKlass org/pushingpixels/flamingo/api/ribbon/resize/CoreRibbonResizePolicies$High2Mid$1
instanceKlass org/pushingpixels/flamingo/api/ribbon/resize/CoreRibbonResizePolicies$Mid2Low$1
instanceKlass org/pushingpixels/flamingo/api/ribbon/resize/CoreRibbonResizePolicies$Mirror$1
instanceKlass org/pushingpixels/flamingo/api/ribbon/resize/CoreRibbonResizePolicies$Mid2Mid$1
instanceKlass org/pushingpixels/flamingo/api/ribbon/resize/CoreRibbonResizePolicies$Low2Mid$1
instanceKlass org/pushingpixels/flamingo/api/ribbon/resize/CoreRibbonResizePolicies$None$1
instanceKlass org/pushingpixels/flamingo/api/ribbon/resize/CoreRibbonResizePolicies$Mapping
instanceKlass org/pushingpixels/flamingo/api/ribbon/resize/BaseRibbonBandResizePolicy
instanceKlass org/pushingpixels/flamingo/api/ribbon/resize/CoreRibbonResizePolicies
instanceKlass org/pushingpixels/flamingo/internal/ui/ribbon/BasicRibbonBandUI$AWTRibbonEventListener$1
instanceKlass org/pushingpixels/flamingo/internal/ui/ribbon/BasicRibbonBandUI$AWTRibbonEventListener
instanceKlass org/pushingpixels/flamingo/internal/ui/ribbon/BasicRibbonBandUI$RibbonBandLayout
instanceKlass org/pushingpixels/flamingo/internal/ui/ribbon/BasicRibbonBandUI$2
instanceKlass org/pushingpixels/flamingo/internal/ui/common/BasicCommandButtonUI$1
instanceKlass org/pushingpixels/flamingo/api/ribbon/JRibbonBand$RibbonGalleryPopupCallback
instanceKlass org/pushingpixels/flamingo/internal/ui/ribbon/BasicBandControlPanelUI$ControlPanelLayout
instanceKlass org/pushingpixels/flamingo/internal/ui/ribbon/BasicBandControlPanelUI$1
instanceKlass com/jpexs/decompiler/flash/gui/MenuBuilder$HotKey
instanceKlass com/jpexs/decompiler/flash/gui/MainFrameMenu$$Lambda$48
instanceKlass com/jpexs/decompiler/flash/gui/MainFrameMenu$$Lambda$47
instanceKlass com/jpexs/decompiler/flash/gui/MainFrameRibbonMenu$3
instanceKlass org/pushingpixels/flamingo/api/common/icon/ImageWrapperIcon
instanceKlass org/pushingpixels/flamingo/api/ribbon/RibbonApplicationMenuEntry
instanceKlass com/jpexs/decompiler/flash/gui/MainFrameMenu$$Lambda$46
instanceKlass com/jpexs/decompiler/flash/gui/MainFrameMenu$$Lambda$45
instanceKlass com/jpexs/decompiler/flash/gui/MainFrameMenu$$Lambda$44
instanceKlass com/jpexs/decompiler/flash/gui/MainFrameMenu$$Lambda$43
instanceKlass com/jpexs/decompiler/flash/gui/MainFrameMenu$$Lambda$42
instanceKlass com/jpexs/decompiler/flash/gui/MainFrameMenu$$Lambda$41
instanceKlass com/jpexs/decompiler/flash/gui/MainFrameMenu$$Lambda$40
instanceKlass com/jpexs/decompiler/flash/gui/MainFrameMenu$$Lambda$39
instanceKlass com/jpexs/decompiler/flash/gui/MainFrameMenu$$Lambda$38
instanceKlass com/jpexs/decompiler/flash/gui/MainFrameMenu$$Lambda$37
instanceKlass com/jpexs/decompiler/flash/gui/MainFrameMenu$$Lambda$36
instanceKlass java/lang/invoke/LambdaForm$DMH
instanceKlass com/jpexs/decompiler/flash/gui/MainFrameMenu$$Lambda$35
instanceKlass com/jpexs/decompiler/flash/gui/MainFrameMenu$$Lambda$34
instanceKlass java/lang/invoke/LambdaForm$DMH
instanceKlass org/pushingpixels/flamingo/api/ribbon/resize/RibbonBandResizePolicy
instanceKlass org/pushingpixels/flamingo/api/ribbon/RibbonApplicationMenuEntryPrimary$PrimaryRolloverCallback
instanceKlass com/jpexs/decompiler/flash/gui/player/FlashPlayerPanel$$Lambda$33
instanceKlass com/jpexs/javactivex/AddListener
instanceKlass com/jpexs/decompiler/flash/gui/player/FlashPlayerPanel$$Lambda$32
instanceKlass java/lang/invoke/LambdaForm$DMH
instanceKlass com/jpexs/javactivex/Setter
instanceKlass com/jpexs/javactivex/Getter
instanceKlass com/jpexs/javactivex/ActiveXControl$4
instanceKlass javax/swing/SwingWorker$5
instanceKlass sun/net/www/http/KeepAliveEntry
instanceKlass sun/net/www/http/KeepAliveCache$1
instanceKlass com/eclipsesource/json/JsonObject$HashIndexTable
instanceKlass com/eclipsesource/json/JsonParser
instanceKlass com/eclipsesource/json/JsonValue
instanceKlass com/eclipsesource/json/JsonHandler
instanceKlass com/eclipsesource/json/Json
instanceKlass sun/net/www/http/Hurryable
instanceKlass com/sun/jna/Structure$ByReference
instanceKlass sun/net/www/protocol/http/AuthCacheImpl
instanceKlass sun/net/www/protocol/http/AuthCache
instanceKlass sun/net/www/protocol/http/AuthCacheValue
instanceKlass sun/net/DefaultProgressMeteringPolicy
instanceKlass sun/net/ProgressMeteringPolicy
instanceKlass sun/net/ProgressMonitor
instanceKlass sun/security/ssl/TransportContext$NotifyHandshake$1
instanceKlass sun/security/ssl/TransportContext$NotifyHandshake
instanceKlass com/sun/crypto/provider/GHASH
instanceKlass com/sun/crypto/provider/PKCS5Padding
instanceKlass com/sun/crypto/provider/Padding
instanceKlass com/sun/crypto/provider/FeedbackCipher
instanceKlass com/sun/crypto/provider/CipherCore
instanceKlass com/sun/crypto/provider/AESConstants
instanceKlass com/sun/crypto/provider/SymmetricCipher
instanceKlass javax/crypto/CipherSpi
instanceKlass javax/crypto/spec/GCMParameterSpec
instanceKlass sun/security/ssl/ChangeCipherSpec$T13ChangeCipherSpecConsumer
instanceKlass sun/security/ssl/ChangeCipherSpec$T10ChangeCipherSpecProducer
instanceKlass sun/security/ssl/ChangeCipherSpec$T10ChangeCipherSpecConsumer
instanceKlass sun/security/ssl/ChangeCipherSpec
instanceKlass sun/security/internal/spec/TlsPrfParameterSpec
instanceKlass sun/security/ssl/Finished$1
instanceKlass sun/security/ssl/Finished$T13VerifyDataGenerator
instanceKlass sun/security/ssl/Finished$T12VerifyDataGenerator
instanceKlass sun/security/ssl/Finished$T10VerifyDataGenerator
instanceKlass sun/security/ssl/Finished$S30VerifyDataGenerator
instanceKlass sun/security/ssl/Finished$VerifyDataGenerator
instanceKlass sun/security/internal/spec/TlsKeyMaterialSpec
instanceKlass javax/crypto/spec/IvParameterSpec
instanceKlass sun/security/internal/spec/TlsKeyMaterialParameterSpec
instanceKlass sun/security/ssl/SSLTrafficKeyDerivation$LegacyTrafficKeyDerivation
instanceKlass sun/security/ssl/SSLTrafficKeyDerivation$1
instanceKlass sun/security/ssl/SSLTrafficKeyDerivation$T13TrafficKeyDerivationGenerator
instanceKlass sun/security/ssl/SSLTrafficKeyDerivation$T12TrafficKeyDerivationGenerator
instanceKlass sun/security/ssl/SSLTrafficKeyDerivation$T10TrafficKeyDerivationGenerator
instanceKlass sun/security/ssl/SSLTrafficKeyDerivation$S30TrafficKeyDerivationGenerator
instanceKlass com/sun/crypto/provider/TlsMasterSecretGenerator$TlsMasterSecretKey
instanceKlass sun/security/internal/interfaces/TlsMasterSecret
instanceKlass sun/security/internal/spec/TlsMasterSecretParameterSpec
instanceKlass sun/security/ssl/SSLMasterKeyDerivation$LegacyMasterKeyDerivation
instanceKlass sun/security/ssl/SSLMasterKeyDerivation$1
instanceKlass sun/security/ssl/SSLKeyDerivationGenerator
instanceKlass sun/security/ec/ECDHKeyAgreement$$Lambda$31
instanceKlass javax/crypto/spec/SecretKeySpec
instanceKlass javax/crypto/KeyAgreementSpi
instanceKlass sun/security/ssl/ECDHKeyExchange$ECDHEKAKeyDerivation
instanceKlass sun/security/ssl/SSLKeyDerivation
instanceKlass java/security/KeyPair
instanceKlass jdk/internal/util/Preconditions$1
instanceKlass jdk/internal/util/Preconditions
instanceKlass sun/security/util/ArrayUtil$$Lambda$30
instanceKlass java/lang/invoke/LambdaForm$DMH
instanceKlass sun/security/util/ArrayUtil
instanceKlass java/security/interfaces/ECPrivateKey
instanceKlass sun/security/util/math/MutableIntegerModuloP
instanceKlass sun/security/ec/point/AffinePoint
instanceKlass java/util/Optional
instanceKlass sun/security/ec/point/ProjectivePoint
instanceKlass sun/security/ec/point/ImmutablePoint
instanceKlass sun/security/util/math/intpoly/IntegerPolynomial$Limb
instanceKlass sun/security/util/math/SmallValue
instanceKlass sun/security/util/math/intpoly/IntegerPolynomial$Element
instanceKlass sun/security/util/math/ImmutableIntegerModuloP
instanceKlass sun/security/util/math/intpoly/IntegerPolynomial
instanceKlass sun/security/util/math/IntegerFieldModuloP
instanceKlass sun/security/ec/point/MutablePoint
instanceKlass sun/security/util/math/IntegerModuloP
instanceKlass sun/security/ec/ECOperations
instanceKlass sun/security/ssl/ECDHKeyExchange$ECDHEPossession
instanceKlass sun/security/ssl/SSLPossession
instanceKlass sun/security/ssl/ECDHClientKeyExchange$ECDHEClientKeyExchangeProducer
instanceKlass sun/security/ssl/ECDHClientKeyExchange$ECDHEClientKeyExchangeConsumer
instanceKlass sun/security/ssl/ECDHClientKeyExchange$ECDHClientKeyExchangeProducer
instanceKlass sun/security/ssl/ECDHClientKeyExchange$ECDHClientKeyExchangeConsumer
instanceKlass sun/security/ssl/ECDHClientKeyExchange
instanceKlass sun/security/ssl/ECDHKeyExchange$ECDHECredentials
instanceKlass sun/security/rsa/MGF1
instanceKlass java/security/spec/ECPublicKeySpec
instanceKlass sun/security/ssl/ECDHServerKeyExchange$ECDHServerKeyExchangeProducer
instanceKlass sun/security/ssl/ECDHServerKeyExchange$ECDHServerKeyExchangeConsumer
instanceKlass sun/security/ssl/ECDHServerKeyExchange
instanceKlass sun/security/ssl/X509Authentication$X509Credentials
instanceKlass sun/security/ssl/SSLCredentials
instanceKlass sun/security/util/HostnameChecker
instanceKlass java/time/temporal/ValueRange
instanceKlass java/time/Duration
instanceKlass java/time/temporal/TemporalAmount
instanceKlass java/time/temporal/TemporalUnit
instanceKlass java/time/temporal/TemporalField
instanceKlass java/time/LocalDate
instanceKlass java/time/chrono/ChronoLocalDate
instanceKlass java/time/temporal/Temporal
instanceKlass java/time/temporal/TemporalAdjuster
instanceKlass java/time/temporal/TemporalAccessor
instanceKlass sun/security/validator/SymantecTLSPolicy
instanceKlass sun/security/validator/CADistrustPolicy$2
instanceKlass java/security/cert/PKIXCertPathValidatorResult
instanceKlass java/security/cert/CertPathValidatorResult
instanceKlass sun/security/provider/certpath/PKIXMasterCertPathValidator
instanceKlass sun/security/provider/certpath/PolicyNodeImpl
instanceKlass java/security/cert/PolicyNode
instanceKlass sun/security/provider/certpath/CertPathHelper
instanceKlass java/security/cert/X509CertSelector
instanceKlass java/security/cert/CertSelector
instanceKlass sun/security/provider/certpath/PKIX$ValidatorParams
instanceKlass sun/security/provider/certpath/PKIX
instanceKlass java/security/cert/CertPathValidatorSpi
instanceKlass java/security/cert/CertPathValidator
instanceKlass java/security/Timestamp
instanceKlass sun/security/ssl/SSLAlgorithmConstraints$SupportedSignatureAlgorithmConstraints
instanceKlass java/security/cert/PKIXParameters
instanceKlass java/security/cert/CertPathParameters
instanceKlass javax/net/ssl/SSLEngine
instanceKlass sun/security/ssl/X509Authentication$X509PossessionGenerator
instanceKlass sun/security/ssl/SSLAuthentication
instanceKlass sun/security/ssl/SSLKeyExchange$SSLKeyExECDHERSAOrPSS
instanceKlass sun/security/ssl/Krb5KeyExchange$Krb5KAGenerator
instanceKlass sun/security/ssl/Krb5KeyExchange
instanceKlass sun/security/ssl/ECDHKeyExchange$ECDHKAGenerator
instanceKlass sun/security/ssl/ECDHKeyExchange$ECDHEKAGenerator
instanceKlass sun/security/ssl/ECDHKeyExchange$ECDHEPossessionGenerator
instanceKlass sun/security/ssl/ECDHKeyExchange
instanceKlass sun/security/ssl/DHKeyExchange$DHEKAGenerator
instanceKlass sun/security/ssl/DHKeyExchange$DHEPossessionGenerator
instanceKlass sun/security/ssl/DHKeyExchange
instanceKlass sun/security/ssl/RSAKeyExchange$RSAKAGenerator
instanceKlass sun/security/ssl/RSAKeyExchange$EphemeralRSAPossessionGenerator
instanceKlass sun/security/ssl/RSAKeyExchange
instanceKlass sun/security/ssl/SSLKeyAgreement
instanceKlass sun/security/ssl/SSLPossessionGenerator
instanceKlass sun/security/ssl/SSLKeyExchange$1
instanceKlass sun/security/ssl/SSLKeyExchange
instanceKlass sun/security/ssl/SSLHandshakeBinding
instanceKlass sun/security/ssl/SSLKeyAgreementGenerator
instanceKlass sun/security/ssl/ServerNameExtension$SHServerNamesSpec
instanceKlass sun/security/ssl/RenegoInfoExtension$RenegotiationInfoSpec
instanceKlass sun/security/ssl/HandshakeHash$NonCloneableHash
instanceKlass sun/security/ssl/HandshakeHash$T12HandshakeHash
instanceKlass sun/security/ssl/TransportContext$1
instanceKlass sun/security/ssl/Plaintext
instanceKlass sun/security/ssl/SupportedVersionsExtension$CHSupportedVersionsSpec
instanceKlass sun/security/ssl/ExtendedMasterSecretExtension$ExtendedMasterSecretSpec
instanceKlass sun/security/ssl/SignatureAlgorithmsExtension$SignatureSchemesSpec
instanceKlass java/security/spec/MGF1ParameterSpec
instanceKlass java/security/spec/PSSParameterSpec
instanceKlass sun/security/mscapi/SunMSCAPI$1
instanceKlass sun/security/smartcardio/SunPCSC$1
instanceKlass org/jcp/xml/dsig/internal/dom/XMLDSigRI$1
instanceKlass com/sun/security/sasl/Provider$1
instanceKlass sun/security/jgss/SunProvider$1
instanceKlass sun/security/ssl/ECPointFormatsExtension$ECPointFormatsSpec
instanceKlass sun/security/ssl/SupportedGroupsExtension$SupportedGroupsSpec
instanceKlass sun/security/ssl/ServerNameExtension$CHServerNamesSpec
instanceKlass sun/security/ssl/SSLExtension$SSLExtensionSpec
instanceKlass sun/security/ssl/SSLExtension$ClientExtensions
instanceKlass sun/security/ssl/PreSharedKeyExtension$SHPreSharedKeyStringizer
instanceKlass sun/security/ssl/PreSharedKeyExtension$SHPreSharedKeyAbsence
instanceKlass sun/security/ssl/PreSharedKeyExtension$SHPreSharedKeyConsumer
instanceKlass sun/security/ssl/PreSharedKeyExtension$SHPreSharedKeyProducer
instanceKlass sun/security/ssl/PreSharedKeyExtension$CHPreSharedKeyStringizer
instanceKlass sun/security/ssl/PreSharedKeyExtension$CHPreSharedKeyOnTradeAbsence
instanceKlass sun/security/ssl/PreSharedKeyExtension$CHPreSharedKeyUpdate
instanceKlass sun/security/ssl/PreSharedKeyExtension$CHPreSharedKeyOnLoadAbsence
instanceKlass sun/security/ssl/PreSharedKeyExtension$CHPreSharedKeyConsumer
instanceKlass sun/security/ssl/PreSharedKeyExtension$CHPreSharedKeyProducer
instanceKlass sun/security/ssl/PreSharedKeyExtension
instanceKlass sun/security/ssl/RenegoInfoExtension$RenegotiationInfoStringizer
instanceKlass sun/security/ssl/RenegoInfoExtension$SHRenegotiationInfoAbsence
instanceKlass sun/security/ssl/RenegoInfoExtension$SHRenegotiationInfoConsumer
instanceKlass sun/security/ssl/RenegoInfoExtension$SHRenegotiationInfoProducer
instanceKlass sun/security/ssl/RenegoInfoExtension$CHRenegotiationInfoAbsence
instanceKlass sun/security/ssl/RenegoInfoExtension$CHRenegotiationInfoConsumer
instanceKlass sun/security/ssl/RenegoInfoExtension$CHRenegotiationInfoProducer
instanceKlass sun/security/ssl/RenegoInfoExtension
instanceKlass sun/security/ssl/KeyShareExtension$HRRKeyShareStringizer
instanceKlass sun/security/ssl/KeyShareExtension$HRRKeyShareReproducer
instanceKlass sun/security/ssl/KeyShareExtension$HRRKeyShareConsumer
instanceKlass sun/security/ssl/KeyShareExtension$HRRKeyShareProducer
instanceKlass sun/security/ssl/KeyShareExtension$SHKeyShareStringizer
instanceKlass sun/security/ssl/KeyShareExtension$SHKeyShareAbsence
instanceKlass sun/security/ssl/KeyShareExtension$SHKeyShareConsumer
instanceKlass sun/security/ssl/KeyShareExtension$SHKeyShareProducer
instanceKlass sun/security/ssl/KeyShareExtension$CHKeyShareStringizer
instanceKlass sun/security/ssl/KeyShareExtension$CHKeyShareOnTradeAbsence
instanceKlass sun/security/ssl/KeyShareExtension$CHKeyShareConsumer
instanceKlass sun/security/ssl/KeyShareExtension$CHKeyShareProducer
instanceKlass sun/security/ssl/KeyShareExtension
instanceKlass sun/security/ssl/PskKeyExchangeModesExtension$PskKeyExchangeModesStringizer
instanceKlass sun/security/ssl/PskKeyExchangeModesExtension$PskKeyExchangeModesOnTradeAbsence
instanceKlass sun/security/ssl/PskKeyExchangeModesExtension$PskKeyExchangeModesOnLoadAbsence
instanceKlass sun/security/ssl/PskKeyExchangeModesExtension$PskKeyExchangeModesConsumer
instanceKlass sun/security/ssl/PskKeyExchangeModesExtension$PskKeyExchangeModesProducer
instanceKlass sun/security/ssl/PskKeyExchangeModesExtension
instanceKlass sun/security/ssl/CookieExtension$CookieStringizer
instanceKlass sun/security/ssl/CookieExtension$HRRCookieReproducer
instanceKlass sun/security/ssl/CookieExtension$HRRCookieConsumer
instanceKlass sun/security/ssl/CookieExtension$HRRCookieProducer
instanceKlass sun/security/ssl/CookieExtension$CHCookieUpdate
instanceKlass sun/security/ssl/CookieExtension$CHCookieConsumer
instanceKlass sun/security/ssl/CookieExtension$CHCookieProducer
instanceKlass sun/security/ssl/CookieExtension
instanceKlass sun/security/ssl/SupportedVersionsExtension$HRRSupportedVersionsReproducer
instanceKlass sun/security/ssl/SupportedVersionsExtension$HRRSupportedVersionsConsumer
instanceKlass sun/security/ssl/SupportedVersionsExtension$HRRSupportedVersionsProducer
instanceKlass sun/security/ssl/SupportedVersionsExtension$SHSupportedVersionsStringizer
instanceKlass sun/security/ssl/SupportedVersionsExtension$SHSupportedVersionsConsumer
instanceKlass sun/security/ssl/SupportedVersionsExtension$SHSupportedVersionsProducer
instanceKlass sun/security/ssl/SupportedVersionsExtension$CHSupportedVersionsStringizer
instanceKlass sun/security/ssl/SupportedVersionsExtension$CHSupportedVersionsConsumer
instanceKlass sun/security/ssl/SupportedVersionsExtension$CHSupportedVersionsProducer
instanceKlass sun/security/ssl/SupportedVersionsExtension
instanceKlass sun/security/ssl/ExtendedMasterSecretExtension$ExtendedMasterSecretStringizer
instanceKlass sun/security/ssl/ExtendedMasterSecretExtension$SHExtendedMasterSecretAbsence
instanceKlass sun/security/ssl/ExtendedMasterSecretExtension$SHExtendedMasterSecretConsumer
instanceKlass sun/security/ssl/ExtendedMasterSecretExtension$SHExtendedMasterSecretProducer
instanceKlass sun/security/ssl/ExtendedMasterSecretExtension$CHExtendedMasterSecretAbsence
instanceKlass sun/security/ssl/ExtendedMasterSecretExtension$CHExtendedMasterSecretConsumer
instanceKlass sun/security/ssl/ExtendedMasterSecretExtension$CHExtendedMasterSecretProducer
instanceKlass sun/security/ssl/ExtendedMasterSecretExtension
instanceKlass sun/security/ssl/AlpnExtension$AlpnStringizer
instanceKlass sun/security/ssl/AlpnExtension$SHAlpnAbsence
instanceKlass sun/security/ssl/AlpnExtension$SHAlpnConsumer
instanceKlass sun/security/ssl/AlpnExtension$SHAlpnProducer
instanceKlass sun/security/ssl/AlpnExtension$CHAlpnAbsence
instanceKlass sun/security/ssl/AlpnExtension$CHAlpnConsumer
instanceKlass sun/security/ssl/AlpnExtension$CHAlpnProducer
instanceKlass sun/security/ssl/AlpnExtension
instanceKlass sun/security/ssl/CertSignAlgsExtension$CertSignatureSchemesStringizer
instanceKlass sun/security/ssl/CertSignAlgsExtension$CRCertSignatureSchemesUpdate
instanceKlass sun/security/ssl/CertSignAlgsExtension$CRCertSignatureSchemesConsumer
instanceKlass sun/security/ssl/CertSignAlgsExtension$CRCertSignatureSchemesProducer
instanceKlass sun/security/ssl/CertSignAlgsExtension$CHCertSignatureSchemesUpdate
instanceKlass sun/security/ssl/CertSignAlgsExtension$CHCertSignatureSchemesConsumer
instanceKlass sun/security/ssl/CertSignAlgsExtension$CHCertSignatureSchemesProducer
instanceKlass sun/security/ssl/CertSignAlgsExtension
instanceKlass sun/security/ssl/SignatureAlgorithmsExtension$SignatureSchemesStringizer
instanceKlass sun/security/ssl/SignatureAlgorithmsExtension$CRSignatureSchemesUpdate
instanceKlass sun/security/ssl/SignatureAlgorithmsExtension$CRSignatureSchemesAbsence
instanceKlass sun/security/ssl/SignatureAlgorithmsExtension$CRSignatureSchemesConsumer
instanceKlass sun/security/ssl/SignatureAlgorithmsExtension$CRSignatureSchemesProducer
instanceKlass sun/security/ssl/SignatureAlgorithmsExtension$CHSignatureSchemesOnTradeAbsence
instanceKlass sun/security/ssl/SignatureAlgorithmsExtension$CHSignatureSchemesUpdate
instanceKlass sun/security/ssl/SignatureAlgorithmsExtension$CHSignatureSchemesOnLoadAbsence
instanceKlass sun/security/ssl/SignatureAlgorithmsExtension$CHSignatureSchemesConsumer
instanceKlass sun/security/ssl/SignatureAlgorithmsExtension$CHSignatureSchemesProducer
instanceKlass sun/security/ssl/SignatureAlgorithmsExtension
instanceKlass sun/security/ssl/ECPointFormatsExtension$ECPointFormatsStringizer
instanceKlass sun/security/ssl/ECPointFormatsExtension$SHECPointFormatsConsumer
instanceKlass sun/security/ssl/ECPointFormatsExtension$CHECPointFormatsConsumer
instanceKlass sun/security/ssl/ECPointFormatsExtension$CHECPointFormatsProducer
instanceKlass sun/security/ssl/ECPointFormatsExtension
instanceKlass sun/security/ssl/SupportedGroupsExtension$EESupportedGroupsConsumer
instanceKlass sun/security/ssl/SupportedGroupsExtension$SupportedGroupsStringizer
instanceKlass sun/security/ssl/SupportedGroupsExtension$CHSupportedGroupsOnTradeAbsence
instanceKlass sun/security/ssl/SupportedGroupsExtension$CHSupportedGroupsConsumer
instanceKlass sun/security/ssl/SupportedGroupsExtension
instanceKlass sun/security/ssl/CertStatusExtension$CertStatusRespStringizer
instanceKlass sun/security/ssl/CertStatusExtension$CertStatusRequestsStringizer
instanceKlass sun/security/ssl/CertStatusExtension$SHCertStatusReqV2Consumer
instanceKlass sun/security/ssl/CertStatusExtension$SHCertStatusReqV2Producer
instanceKlass sun/security/ssl/CertStatusExtension$CHCertStatusReqV2Consumer
instanceKlass sun/security/ssl/CertStatusExtension$CHCertStatusReqV2Producer
instanceKlass sun/security/ssl/CertStatusExtension$CertStatusRequestStringizer
instanceKlass sun/security/ssl/CertStatusExtension$CTCertStatusResponseConsumer
instanceKlass sun/security/ssl/CertStatusExtension$CTCertStatusResponseProducer
instanceKlass sun/security/ssl/CertStatusExtension$SHCertStatusReqConsumer
instanceKlass sun/security/ssl/CertStatusExtension$SHCertStatusReqProducer
instanceKlass sun/security/ssl/CertStatusExtension$CHCertStatusReqConsumer
instanceKlass sun/security/ssl/CertStatusExtension$CHCertStatusReqProducer
instanceKlass sun/security/ssl/CertStatusExtension
instanceKlass sun/security/ssl/MaxFragExtension$MaxFragLenStringizer
instanceKlass sun/security/ssl/MaxFragExtension$EEMaxFragmentLengthUpdate
instanceKlass sun/security/ssl/MaxFragExtension$EEMaxFragmentLengthConsumer
instanceKlass sun/security/ssl/MaxFragExtension$EEMaxFragmentLengthProducer
instanceKlass sun/security/ssl/MaxFragExtension$SHMaxFragmentLengthUpdate
instanceKlass sun/security/ssl/MaxFragExtension$SHMaxFragmentLengthConsumer
instanceKlass sun/security/ssl/MaxFragExtension$SHMaxFragmentLengthProducer
instanceKlass sun/security/ssl/MaxFragExtension$CHMaxFragmentLengthConsumer
instanceKlass sun/security/ssl/MaxFragExtension$CHMaxFragmentLengthProducer
instanceKlass sun/security/ssl/MaxFragExtension
instanceKlass sun/security/ssl/ServerNameExtension$EEServerNameConsumer
instanceKlass sun/security/ssl/ServerNameExtension$EEServerNameProducer
instanceKlass sun/security/ssl/ServerNameExtension$SHServerNamesStringizer
instanceKlass sun/security/ssl/ServerNameExtension$SHServerNameConsumer
instanceKlass sun/security/ssl/ServerNameExtension$SHServerNameProducer
instanceKlass sun/security/ssl/ServerNameExtension$CHServerNamesStringizer
instanceKlass sun/security/ssl/ServerNameExtension$CHServerNameConsumer
instanceKlass sun/security/ssl/SSLExtension$ExtensionConsumer
instanceKlass sun/security/ssl/ServerNameExtension$CHServerNameProducer
instanceKlass sun/security/ssl/ServerNameExtension
instanceKlass sun/security/ssl/SSLStringizer
instanceKlass sun/security/ssl/SSLExtensions
instanceKlass sun/security/ssl/RandomCookie
instanceKlass sun/security/ssl/SSLHandshake$HandshakeMessage
instanceKlass javax/crypto/spec/DHParameterSpec
instanceKlass sun/security/ssl/PredefinedDHParameterSpecs$1
instanceKlass sun/security/ssl/PredefinedDHParameterSpecs
instanceKlass sun/security/ssl/SupportedGroupsExtension$1
instanceKlass sun/security/ssl/SupportedGroupsExtension$SupportedGroups
instanceKlass sun/security/ssl/HandshakeContext
instanceKlass sun/security/ssl/SSLConfiguration$1
instanceKlass javax/net/ssl/SSLParameters
instanceKlass java/net/Socket$3
instanceKlass java/net/Socket$2
instanceKlass sun/text/normalizer/UnicodeSet
instanceKlass sun/text/normalizer/UnicodeMatcher
instanceKlass sun/text/normalizer/NormalizerImpl$AuxTrieImpl
instanceKlass sun/text/normalizer/NormalizerImpl$NormTrieImpl
instanceKlass sun/text/normalizer/NormalizerImpl$FCDTrieImpl
instanceKlass sun/text/normalizer/NormalizerDataReader
instanceKlass sun/text/normalizer/ICUData
instanceKlass sun/text/normalizer/NormalizerImpl
instanceKlass sun/text/normalizer/VersionInfo
instanceKlass sun/text/normalizer/CharTrie$FriendAgent
instanceKlass sun/text/normalizer/Trie
instanceKlass sun/net/idn/StringPrep$StringPrepTrieImpl
instanceKlass sun/text/normalizer/Trie$DataManipulate
instanceKlass sun/text/normalizer/ICUBinary
instanceKlass sun/net/idn/StringPrepDataReader
instanceKlass sun/text/normalizer/ICUBinary$Authenticate
instanceKlass sun/net/idn/StringPrep
instanceKlass java/net/IDN
instanceKlass javax/net/ssl/SNIServerName
instanceKlass java/net/SocksSocketImpl$3
instanceKlass sun/security/ssl/SessionId
instanceKlass java/util/concurrent/ConcurrentLinkedQueue$Node
instanceKlass javax/net/ssl/ExtendedSSLSession
instanceKlass javax/net/ssl/SSLSession
instanceKlass sun/security/ssl/SSLConfiguration$CustomizedClientSignatureSchemes
instanceKlass javax/crypto/KeyGeneratorSpi
instanceKlass javax/crypto/KeyGenerator
instanceKlass sun/security/ssl/SSLConfiguration
instanceKlass sun/security/ssl/SSLCipher$SSLWriteCipher
instanceKlass sun/security/ssl/KeyUpdate$KeyUpdateProducer
instanceKlass sun/security/ssl/KeyUpdate$KeyUpdateConsumer
instanceKlass sun/security/ssl/KeyUpdate$KeyUpdateKickstartProducer
instanceKlass sun/security/ssl/KeyUpdate
instanceKlass sun/security/ssl/CertificateStatus$CertificateStatusAbsence
instanceKlass sun/security/ssl/HandshakeAbsence
instanceKlass sun/security/ssl/CertificateStatus$CertificateStatusProducer
instanceKlass sun/security/ssl/CertificateStatus$CertificateStatusConsumer
instanceKlass sun/security/ssl/CertificateStatus
instanceKlass sun/security/ssl/Finished$T13FinishedProducer
instanceKlass sun/security/ssl/Finished$T13FinishedConsumer
instanceKlass sun/security/ssl/Finished$T12FinishedProducer
instanceKlass sun/security/ssl/Finished$T12FinishedConsumer
instanceKlass sun/security/ssl/Finished
instanceKlass sun/security/ssl/ClientKeyExchange$ClientKeyExchangeProducer
instanceKlass sun/security/ssl/ClientKeyExchange$ClientKeyExchangeConsumer
instanceKlass sun/security/ssl/ClientKeyExchange
instanceKlass sun/security/ssl/CertificateVerify$T13CertificateVerifyProducer
instanceKlass sun/security/ssl/CertificateVerify$T13CertificateVerifyConsumer
instanceKlass sun/security/ssl/CertificateVerify$T12CertificateVerifyProducer
instanceKlass sun/security/ssl/CertificateVerify$T12CertificateVerifyConsumer
instanceKlass sun/security/ssl/CertificateVerify$T10CertificateVerifyProducer
instanceKlass sun/security/ssl/CertificateVerify$T10CertificateVerifyConsumer
instanceKlass sun/security/ssl/CertificateVerify$S30CertificateVerifyProducer
instanceKlass sun/security/ssl/CertificateVerify$S30CertificateVerifyConsumer
instanceKlass sun/security/ssl/CertificateVerify
instanceKlass sun/security/ssl/ServerHelloDone$ServerHelloDoneProducer
instanceKlass sun/security/ssl/ServerHelloDone$ServerHelloDoneConsumer
instanceKlass sun/security/ssl/ServerHelloDone
instanceKlass sun/security/ssl/CertificateRequest$T13CertificateRequestProducer
instanceKlass sun/security/ssl/CertificateRequest$T13CertificateRequestConsumer
instanceKlass sun/security/ssl/CertificateRequest$T12CertificateRequestProducer
instanceKlass sun/security/ssl/CertificateRequest$T12CertificateRequestConsumer
instanceKlass sun/security/ssl/CertificateRequest$T10CertificateRequestProducer
instanceKlass sun/security/ssl/CertificateRequest$T10CertificateRequestConsumer
instanceKlass sun/security/ssl/CertificateRequest
instanceKlass sun/security/ssl/ServerKeyExchange$ServerKeyExchangeProducer
instanceKlass sun/security/ssl/ServerKeyExchange$ServerKeyExchangeConsumer
instanceKlass sun/security/ssl/ServerKeyExchange
instanceKlass sun/security/ssl/CertificateMessage$T13CertificateProducer
instanceKlass sun/security/ssl/CertificateMessage$T13CertificateConsumer
instanceKlass sun/security/ssl/CertificateMessage$T12CertificateProducer
instanceKlass sun/security/ssl/CertificateMessage$T12CertificateConsumer
instanceKlass sun/security/ssl/CertificateMessage
instanceKlass sun/security/ssl/EncryptedExtensions$EncryptedExtensionsConsumer
instanceKlass sun/security/ssl/EncryptedExtensions$EncryptedExtensionsProducer
instanceKlass sun/security/ssl/EncryptedExtensions
instanceKlass sun/security/ssl/NewSessionTicket$NewSessionTicketProducer
instanceKlass sun/security/ssl/NewSessionTicket$NewSessionTicketKickstartProducer
instanceKlass sun/security/ssl/NewSessionTicket$NewSessionTicketConsumer
instanceKlass sun/security/ssl/NewSessionTicket
instanceKlass sun/security/ssl/ServerHello$T13HelloRetryRequestConsumer
instanceKlass sun/security/ssl/ServerHello$T13ServerHelloConsumer
instanceKlass sun/security/ssl/ServerHello$T12ServerHelloConsumer
instanceKlass sun/security/ssl/ServerHello$T13HelloRetryRequestReproducer
instanceKlass sun/security/ssl/ServerHello$T13HelloRetryRequestProducer
instanceKlass sun/security/ssl/ServerHello$T13ServerHelloProducer
instanceKlass sun/security/ssl/ServerHello$T12ServerHelloProducer
instanceKlass sun/security/ssl/ServerHello$ServerHelloConsumer
instanceKlass sun/security/ssl/ServerHello
instanceKlass sun/security/ssl/ClientHello$T13ClientHelloConsumer
instanceKlass sun/security/ssl/ClientHello$T12ClientHelloConsumer
instanceKlass sun/security/ssl/HandshakeConsumer
instanceKlass sun/security/ssl/ClientHello$ClientHelloProducer
instanceKlass sun/security/ssl/ClientHello$ClientHelloConsumer
instanceKlass sun/security/ssl/ClientHello$ClientHelloKickstartProducer
instanceKlass sun/security/ssl/ClientHello
instanceKlass sun/security/ssl/HelloRequest$HelloRequestProducer
instanceKlass sun/security/ssl/HelloRequest$HelloRequestConsumer
instanceKlass sun/security/ssl/HelloRequest$HelloRequestKickstartProducer
instanceKlass sun/security/ssl/SSLProducer
instanceKlass sun/security/ssl/HelloRequest
instanceKlass sun/security/ssl/HandshakeProducer
instanceKlass sun/security/ssl/SSLConsumer
instanceKlass sun/security/ssl/Authenticator$MacImpl
instanceKlass sun/security/ssl/Authenticator$MAC
instanceKlass sun/security/ssl/Authenticator
instanceKlass sun/security/ssl/SSLCipher$SSLReadCipher
instanceKlass sun/security/ssl/InputRecord
instanceKlass sun/security/ssl/SSLRecord
instanceKlass sun/security/ssl/Record
instanceKlass sun/security/ssl/TransportContext
instanceKlass sun/security/ssl/ConnectionContext
instanceKlass sun/security/ssl/HandshakeHash$CacheOnlyHash
instanceKlass sun/security/ssl/HandshakeHash$TranscriptHash
instanceKlass sun/security/ssl/HandshakeHash
instanceKlass sun/security/ssl/SSLTransport
instanceKlass sun/net/www/http/KeepAliveKey
instanceKlass sun/net/NetworkClient$1
instanceKlass sun/net/NetworkClient
instanceKlass javax/net/ssl/HandshakeCompletedListener
instanceKlass java/net/Proxy
instanceKlass sun/net/spi/DefaultProxySelector$3
instanceKlass sun/net/spi/DefaultProxySelector$NonProxyInfo
instanceKlass sun/net/spi/DefaultProxySelector$1
instanceKlass java/net/ProxySelector
instanceKlass sun/net/www/protocol/http/HttpURLConnection$7
instanceKlass java/net/ResponseCache
instanceKlass sun/net/www/protocol/http/HttpURLConnection$3
instanceKlass java/net/CookieHandler
instanceKlass sun/net/www/protocol/http/HttpURLConnection$2
instanceKlass sun/net/NetProperties$1
instanceKlass sun/net/NetProperties
instanceKlass sun/net/www/protocol/http/HttpURLConnection$$Lambda$29
instanceKlass java/lang/invoke/LambdaForm$DMH
instanceKlass sun/security/action/GetIntegerAction
instanceKlass javax/net/ssl/X509ExtendedKeyManager
instanceKlass javax/net/ssl/X509KeyManager
instanceKlass javax/net/ssl/KeyManager
instanceKlass javax/net/ssl/KeyManagerFactorySpi
instanceKlass javax/net/ssl/KeyManagerFactory$1
instanceKlass javax/net/ssl/KeyManagerFactory
instanceKlass sun/security/ssl/SSLContextImpl$DefaultManagersHolder$1
instanceKlass javax/net/ssl/X509ExtendedTrustManager
instanceKlass javax/net/ssl/X509TrustManager
instanceKlass javax/net/ssl/TrustManager
instanceKlass sun/security/validator/TrustStoreUtil
instanceKlass sun/security/action/OpenFileInputStreamAction
instanceKlass java/security/KeyStore$1
instanceKlass sun/security/ssl/TrustStoreManager$TrustStoreDescriptor$1
instanceKlass sun/security/ssl/TrustStoreManager$TrustStoreDescriptor
instanceKlass sun/security/ssl/TrustStoreManager$TrustAnchorManager
instanceKlass sun/security/ssl/TrustStoreManager
instanceKlass javax/net/ssl/TrustManagerFactorySpi
instanceKlass javax/net/ssl/TrustManagerFactory$1
instanceKlass javax/net/ssl/TrustManagerFactory
instanceKlass sun/security/ssl/SSLContextImpl$DefaultManagersHolder
instanceKlass sun/security/ssl/SSLSessionContextImpl
instanceKlass javax/net/ssl/SSLSessionContext
instanceKlass sun/security/ssl/EphemeralKeyManager$EphemeralKeyPair
instanceKlass sun/security/ssl/EphemeralKeyManager
instanceKlass sun/security/ssl/SSLContextImpl$CustomizedSSLProtocols
instanceKlass sun/security/krb5/Realm
instanceKlass sun/security/krb5/PrincipalName
instanceKlass sun/security/ssl/JsseJce$KerberosAvailability$1
instanceKlass sun/security/ssl/JsseJce$KerberosAvailability
instanceKlass java/security/spec/ECGenParameterSpec
instanceKlass sun/security/util/ECKeySizeParameterSpec
instanceKlass sun/security/util/SecurityProviderConstants
instanceKlass sun/security/ec/point/Point
instanceKlass java/security/KeyPairGeneratorSpi
instanceKlass javax/crypto/KeyAgreement
instanceKlass sun/security/ssl/JsseJce$EcAvailability
instanceKlass sun/security/ssl/SSLAlgorithmDecomposer$1
instanceKlass sun/security/ssl/SSLCipher$1
instanceKlass sun/security/ssl/SSLCipher$T13GcmWriteCipherGenerator
instanceKlass sun/security/ssl/SSLCipher$T13GcmReadCipherGenerator
instanceKlass sun/security/ssl/SSLCipher$T12GcmWriteCipherGenerator
instanceKlass sun/security/ssl/SSLCipher$T12GcmReadCipherGenerator
instanceKlass javax/crypto/JceSecurityManager$1
instanceKlass sun/security/ssl/SSLCipher$T11BlockWriteCipherGenerator
instanceKlass sun/security/ssl/SSLCipher$T11BlockReadCipherGenerator
instanceKlass sun/security/ssl/SSLCipher$T10BlockWriteCipherGenerator
instanceKlass sun/security/ssl/SSLCipher$T10BlockReadCipherGenerator
instanceKlass sun/security/x509/AccessDescription
instanceKlass sun/security/x509/CertificatePolicyMap
instanceKlass sun/security/x509/RFC822Name
instanceKlass sun/security/x509/DNSName
instanceKlass sun/security/x509/URIName
instanceKlass sun/security/x509/GeneralName
instanceKlass sun/security/x509/DistributionPoint
instanceKlass java/security/cert/PolicyQualifierInfo
instanceKlass sun/security/x509/CertificatePolicyId
instanceKlass sun/security/x509/PolicyInformation
instanceKlass sun/security/util/ECUtil
instanceKlass java/security/interfaces/ECPublicKey
instanceKlass java/security/interfaces/ECKey
instanceKlass sun/security/provider/JavaKeyStore$TrustedCertEntry
instanceKlass sun/security/provider/KeyStoreDelegator$1
instanceKlass java/security/KeyStoreSpi
instanceKlass java/security/KeyStore
instanceKlass sun/security/util/AnchorCertificates$1
instanceKlass sun/security/util/AnchorCertificates
instanceKlass java/security/cert/TrustAnchor
instanceKlass sun/security/x509/X509CertImpl$$Lambda$28
instanceKlass sun/security/util/UntrustedCertificates$1
instanceKlass sun/security/util/UntrustedCertificates
instanceKlass java/security/cert/PKIXCertPathChecker
instanceKlass java/security/cert/CertPathChecker
instanceKlass javax/crypto/JarVerifier$JarHolder
instanceKlass javax/crypto/JarVerifier$2
instanceKlass javax/crypto/JceSecurity$2
instanceKlass java/security/spec/DSAParameterSpec
instanceKlass java/security/interfaces/DSAParams
instanceKlass java/security/interfaces/DSAPrivateKey
instanceKlass com/jpexs/javactivex/jna/Shell32
instanceKlass com/sun/jna/Structure$StructField
instanceKlass com/sun/jna/Structure$LayoutInfo
instanceKlass com/sun/jna/Native$Buffers
instanceKlass com/jpexs/javactivex/jna/Kernel32
instanceKlass com/jpexs/javactivex/jna/WinNT
instanceKlass com/jpexs/javactivex/jna/WinBase
instanceKlass com/jpexs/javactivex/jna/BaseTSD
instanceKlass com/jpexs/javactivex/jna/WinDef
instanceKlass com/jpexs/javactivex/jna/WinError
instanceKlass java/net/URLEncoder
instanceKlass java/net/URLDecoder
instanceKlass java/util/Timer$1
instanceKlass java/util/TaskQueue
instanceKlass java/util/Timer
instanceKlass com/jpexs/javactivex/ActiveXEventListener
instanceKlass com/jpexs/javactivex/MethodInfo
instanceKlass com/jpexs/javactivex/ActiveXControl
instanceKlass com/jpexs/javactivex/ActiveX$MyHandler
instanceKlass com/jpexs/javactivex/GUID
instanceKlass com/jpexs/javactivex/ActiveX
instanceKlass com/jpexs/decompiler/flash/gui/player/FlashPlayerPanel$1
instanceKlass com/jpexs/javactivex/ActiveXEvent
instanceKlass com/jpexs/decompiler/flash/gui/player/Zoom
instanceKlass com/jpexs/decompiler/flash/gui/player/MediaDisplayListener
instanceKlass com/jpexs/javactivex/example/controls/flash/ShockwaveFlash
instanceKlass java/util/TimerTask
instanceKlass com/jpexs/decompiler/flash/gui/player/MediaDisplay
instanceKlass org/pushingpixels/flamingo/api/ribbon/JRibbonFrame$4
instanceKlass org/pushingpixels/flamingo/internal/utils/KeyTipManager$KeyTipLinkTraversal
instanceKlass org/pushingpixels/flamingo/internal/utils/KeyTipManager
instanceKlass org/pushingpixels/flamingo/api/ribbon/JRibbonFrame$2
instanceKlass com/sun/awt/AWTUtilities
instanceKlass org/pushingpixels/flamingo/api/ribbon/JRibbonFrame$1
instanceKlass org/pushingpixels/flamingo/internal/ui/ribbon/BasicRibbonUI$2
instanceKlass org/pushingpixels/flamingo/internal/ui/ribbon/BasicRibbonUI$1
instanceKlass org/pushingpixels/flamingo/internal/ui/ribbon/appmenu/JRibbonApplicationMenuButton$1$1
instanceKlass org/pushingpixels/flamingo/api/common/popup/JPopupPanel$PopupPanelCustomizer
instanceKlass org/pushingpixels/flamingo/internal/ui/ribbon/appmenu/BasicRibbonApplicationMenuButtonUI$1
instanceKlass org/pushingpixels/flamingo/internal/utils/ArrowResizableIcon
instanceKlass org/pushingpixels/flamingo/internal/utils/FlamingoUtilities$1
instanceKlass sun/java2d/cmm/lcms/LCMSProfile$TagData
instanceKlass sun/java2d/cmm/ProfileDataVerifier
instanceKlass java/awt/color/ICC_Profile$2
instanceKlass sun/java2d/cmm/lcms/LCMSProfile$TagCache
instanceKlass sun/java2d/cmm/Profile
instanceKlass sun/java2d/cmm/lcms/LCMSImageLayout
instanceKlass sun/java2d/cmm/lcms/LCMSTransform
instanceKlass sun/java2d/cmm/ColorTransform
instanceKlass sun/java2d/cmm/lcms/LCMS$1
instanceKlass sun/java2d/cmm/lcms/LCMS
instanceKlass sun/java2d/cmm/PCMM
instanceKlass sun/java2d/cmm/CMMServiceProvider
instanceKlass sun/java2d/cmm/CMSManager$1
instanceKlass java/awt/color/ICC_Profile$3
instanceKlass java/awt/image/ColorConvertOp
instanceKlass org/pushingpixels/flamingo/api/common/icon/FilteredResizableIcon
instanceKlass org/pushingpixels/flamingo/api/common/icon/EmptyResizableIcon
instanceKlass org/pushingpixels/flamingo/internal/ui/ribbon/BasicRibbonUI$RibbonLayout
instanceKlass org/pushingpixels/flamingo/internal/ui/ribbon/BasicRibbonUI$5
instanceKlass org/pushingpixels/flamingo/internal/ui/ribbon/BasicRibbonUI$TaskToggleButtonsHostPanelLayout
instanceKlass org/pushingpixels/flamingo/internal/ui/common/BasicScrollablePanelUI$2
instanceKlass org/pushingpixels/flamingo/internal/ui/common/BasicScrollablePanelUI$1
instanceKlass org/pushingpixels/flamingo/internal/ui/common/BasicScrollablePanelUI$6
instanceKlass org/pushingpixels/substance/flamingo/common/ui/SubstanceScrollablePanelUI$4
instanceKlass org/pushingpixels/substance/flamingo/common/ui/SubstanceScrollablePanelUI$3
instanceKlass org/pushingpixels/flamingo/internal/ui/common/BasicScrollablePanelUI$5
instanceKlass org/pushingpixels/substance/flamingo/common/ui/SubstanceScrollablePanelUI$2
instanceKlass org/pushingpixels/substance/flamingo/common/ui/SubstanceScrollablePanelUI$1
instanceKlass org/pushingpixels/flamingo/internal/ui/common/CommandButtonLayoutManagerBig
instanceKlass com/jpexs/decompiler/flash/gui/MyCommandButtonUI$1
instanceKlass org/pushingpixels/substance/flamingo/common/ui/SubstanceCommandButtonUI$1
instanceKlass org/pushingpixels/substance/flamingo/utils/CommandButtonVisualStateTracker$1
instanceKlass org/pushingpixels/flamingo/internal/ui/common/BasicCommandButtonUI$4
instanceKlass org/pushingpixels/flamingo/internal/ui/common/BasicCommandButtonUI$3
instanceKlass org/pushingpixels/flamingo/internal/ui/common/BasicCommandButtonUI$2
instanceKlass org/pushingpixels/flamingo/internal/ui/common/BasicCommandButtonListener
instanceKlass org/pushingpixels/substance/flamingo/common/ui/SubstanceCommandButtonUI$3
instanceKlass org/pushingpixels/substance/flamingo/common/ui/SubstanceCommandButtonUI$2
instanceKlass org/pushingpixels/substance/flamingo/common/TransitionAwareResizableIcon
instanceKlass org/pushingpixels/flamingo/api/common/AsynchronousLoading
instanceKlass org/pushingpixels/substance/flamingo/utils/SubstanceDisabledResizableIcon
instanceKlass org/pushingpixels/flamingo/internal/ui/common/ResizableIconUIResource
instanceKlass org/pushingpixels/substance/flamingo/utils/CommandButtonVisualStateTracker
instanceKlass org/pushingpixels/flamingo/api/common/JCommandButton$PopupHandler
instanceKlass org/pushingpixels/flamingo/api/common/AbstractCommandButton$ActionHandler
instanceKlass org/pushingpixels/flamingo/api/common/CommandButtonLayoutManager
instanceKlass org/pushingpixels/flamingo/api/common/CommandButtonDisplayState
instanceKlass org/pushingpixels/flamingo/internal/utils/DoubleArrowResizableIcon
instanceKlass org/pushingpixels/flamingo/api/common/model/PopupButtonModel
instanceKlass org/pushingpixels/flamingo/api/common/model/ActionButtonModel
instanceKlass org/pushingpixels/flamingo/internal/ui/common/BasicScrollablePanelUI$4
instanceKlass org/pushingpixels/flamingo/internal/ui/common/BasicScrollablePanelUI$ScrollablePanelLayout
instanceKlass org/pushingpixels/substance/flamingo/common/TransitionAwareResizableIcon$Delegate
instanceKlass org/pushingpixels/substance/flamingo/common/TransitionAwareResizableIcon$StateTransitionTrackerDelegate
instanceKlass org/pushingpixels/flamingo/internal/ui/ribbon/BasicRibbonUI$BandHostPanelLayout
instanceKlass org/pushingpixels/flamingo/internal/ui/ribbon/BasicRibbonUI$TaskbarLayout
instanceKlass org/pushingpixels/flamingo/api/common/CommandToggleButtonGroup
instanceKlass org/pushingpixels/flamingo/api/common/RichTooltip
instanceKlass org/pushingpixels/flamingo/api/ribbon/RibbonApplicationMenu
instanceKlass org/pushingpixels/flamingo/api/ribbon/RibbonTask
instanceKlass org/pushingpixels/flamingo/api/ribbon/RibbonContextualTaskGroup
instanceKlass org/pushingpixels/substance/flamingo/ribbon/ui/SubstanceRibbonFrameTitlePane$TaskbarLayout
instanceKlass org/pushingpixels/substance/flamingo/ribbon/ui/SubstanceRibbonRootPaneUI$1$1
instanceKlass org/pushingpixels/substance/flamingo/ribbon/ui/SubstanceRibbonRootPaneUI$1
instanceKlass com/jpexs/decompiler/flash/gui/SearchListener
instanceKlass javax/swing/event/TreeSelectionListener
instanceKlass com/jpexs/decompiler/flash/gui/MainFrameMenu
instanceKlass com/jpexs/decompiler/flash/gui/MenuBuilder
instanceKlass org/pushingpixels/flamingo/internal/utils/KeyTipManager$KeyTipListener
instanceKlass java/lang/invoke/LambdaForm$MH
instanceKlass java/lang/invoke/LambdaForm$DMH
instanceKlass java/lang/invoke/LambdaForm$DMH
instanceKlass com/jpexs/decompiler/flash/gui/Main$OpenFileWorker$$Lambda$27
instanceKlass java/lang/invoke/LambdaForm$DMH
instanceKlass com/jpexs/decompiler/flash/gui/Main$5
instanceKlass sun/misc/FormattedFloatingDecimal$2
instanceKlass sun/misc/FormattedFloatingDecimal
instanceKlass java/util/Formatter$FixedString
instanceKlass com/jpexs/decompiler/flash/timeline/TweenRange
instanceKlass com/jpexs/decompiler/flash/timeline/TagScript
instanceKlass com/jpexs/decompiler/flash/timeline/FrameScript
instanceKlass com/jpexs/decompiler/flash/timeline/TweenDetector
instanceKlass java/util/NavigableSet
instanceKlass java/util/SortedSet
instanceKlass com/jpexs/decompiler/flash/timeline/DepthState
instanceKlass com/jpexs/decompiler/flash/timeline/Frame
instanceKlass com/jpexs/decompiler/flash/timeline/AS2Package
instanceKlass com/jpexs/decompiler/flash/timeline/Timeline
instanceKlass com/jpexs/decompiler/flash/types/TEXTRECORD
instanceKlass com/jpexs/decompiler/flash/types/CLIPACTIONRECORD
instanceKlass com/jpexs/decompiler/flash/types/CLIPEVENTFLAGS
instanceKlass com/jpexs/decompiler/flash/types/CLIPACTIONS
instanceKlass org/xml/sax/helpers/DefaultHandler
instanceKlass org/xml/sax/ErrorHandler
instanceKlass org/xml/sax/ContentHandler
instanceKlass org/xml/sax/DTDHandler
instanceKlass org/xml/sax/EntityResolver
instanceKlass com/jpexs/decompiler/flash/types/BUTTONCONDACTION
instanceKlass com/jpexs/decompiler/flash/types/BUTTONRECORD
instanceKlass com/jpexs/decompiler/flash/ReadOnlyTagList
instanceKlass com/jpexs/decompiler/flash/types/SOUNDENVELOPE
instanceKlass com/jpexs/decompiler/flash/types/SOUNDINFO
instanceKlass com/jpexs/decompiler/flash/types/MATRIX
instanceKlass com/jpexs/decompiler/flash/types/GLYPHENTRY
instanceKlass com/jpexs/decompiler/flash/types/LANGCODE
instanceKlass org/w3c/dom/Node
instanceKlass com/jpexs/decompiler/flash/types/ColorTransform
instanceKlass com/jpexs/helpers/ImmediateFuture
instanceKlass com/jpexs/decompiler/flash/types/SHAPE
instanceKlass com/jpexs/decompiler/flash/SWFInputStream$TagResolutionTask
instanceKlass com/jpexs/helpers/ByteArrayRange
instanceKlass com/jpexs/decompiler/flash/types/RECT
instanceKlass com/jpexs/decompiler/flash/SWFHeader
instanceKlass com/jpexs/decompiler/flash/types/LINESTYLE
instanceKlass com/jpexs/decompiler/flash/types/MORPHGRADIENT
instanceKlass com/jpexs/decompiler/graph/GraphSourceItemContainer
instanceKlass com/jpexs/decompiler/flash/action/StoreTypeAction
instanceKlass java/text/AttributedString$AttributedStringIterator
instanceKlass java/text/AttributedCharacterIterator
instanceKlass java/text/CharacterIterator
instanceKlass java/text/AttributedString
instanceKlass sun/awt/im/CompositionAreaHandler
instanceKlass java/awt/KeyboardFocusManager$3
instanceKlass com/jpexs/decompiler/flash/action/special/ActionStore
instanceKlass java/awt/Polygon
instanceKlass com/jpexs/decompiler/flash/action/Action
instanceKlass com/jpexs/decompiler/graph/GraphSourceItem
instanceKlass javax/swing/RepaintManager$3
instanceKlass org/pushingpixels/trident/Timeline$5
instanceKlass org/pushingpixels/substance/internal/ui/SubstanceProgressBarUI$3
instanceKlass org/pushingpixels/substance/internal/ui/SubstanceProgressBarUI$2
instanceKlass com/jpexs/decompiler/flash/types/GRADIENT
instanceKlass java/lang/invoke/LambdaForm$MH
instanceKlass java/lang/invoke/LambdaForm$DMH
instanceKlass java/lang/invoke/LambdaForm$DMH
instanceKlass com/jpexs/decompiler/flash/gui/LoadingDialog$$Lambda$26
instanceKlass com/jpexs/decompiler/flash/types/RGB
instanceKlass java/lang/invoke/LambdaForm$DMH
instanceKlass java/awt/KeyboardFocusManager$LightweightFocusRequest
instanceKlass java/awt/DefaultKeyboardFocusManager$TypeAheadMarker
instanceKlass java/awt/KeyboardFocusManager$HeavyweightFocusRequest
instanceKlass com/jpexs/decompiler/flash/types/filters/FILTER
instanceKlass com/jpexs/decompiler/flash/types/shaperecords/SHAPERECORD
instanceKlass com/jpexs/decompiler/flash/tags/ABCContainerTag
instanceKlass com/jpexs/decompiler/flash/tags/base/ImportTag
instanceKlass com/jpexs/decompiler/flash/tags/base/PasswordTag
instanceKlass org/pushingpixels/substance/internal/utils/icon/TransitionAware
instanceKlass com/jpexs/decompiler/flash/tags/base/SoundStreamHeadTypeTag
instanceKlass com/jpexs/decompiler/flash/tags/base/SoundTag
instanceKlass com/jpexs/decompiler/flash/tags/base/ASMSource
instanceKlass java/awt/geom/ArcIterator
instanceKlass org/pushingpixels/substance/internal/utils/SubstanceOutlineUtilities
instanceKlass org/pushingpixels/substance/api/shaper/StandardButtonShaper
instanceKlass com/jpexs/decompiler/flash/tags/base/AloneTag
instanceKlass com/jpexs/decompiler/flash/tags/base/ASMSourceContainer
instanceKlass org/pushingpixels/lafwidget/animation/effects/GhostPaintingUtils
instanceKlass com/jpexs/decompiler/flash/tags/TagChangedListener
instanceKlass com/jpexs/decompiler/flash/helpers/LazyObject
instanceKlass com/jpexs/decompiler/flash/SWFInputStream
instanceKlass sun/font/FontDesignMetrics$MetricsKey
instanceKlass com/jpexs/helpers/utf8/Utf8Helper
instanceKlass com/jpexs/decompiler/flash/cache/AS3Cache
instanceKlass com/jpexs/decompiler/flash/cache/AS2Cache
instanceKlass java/awt/image/AffineTransformOp
instanceKlass java/awt/image/LookupOp
instanceKlass java/util/regex/Pattern$CharPropertyNames$CharPropertyFactory
instanceKlass java/util/regex/Pattern$CharPropertyNames
instanceKlass sun/awt/image/ImagingLib$1
instanceKlass sun/awt/image/ImagingLib
instanceKlass com/jpexs/decompiler/flash/IdentifiersDeobfuscation
instanceKlass sun/java2d/loops/FontInfo
instanceKlass java/awt/image/Kernel
instanceKlass java/awt/image/ConvolveOp
instanceKlass java/awt/image/RasterOp
instanceKlass com/jpexs/decompiler/flash/gui/Main$4$2
instanceKlass com/jpexs/decompiler/flash/gui/Main$4$1
instanceKlass org/pushingpixels/substance/internal/utils/SubstanceTextUtilities
instanceKlass com/jpexs/decompiler/flash/DecompilerPool
instanceKlass com/jpexs/decompiler/flash/helpers/GraphTextWriter
instanceKlass sun/java2d/d3d/D3DPaints
instanceKlass org/pushingpixels/substance/api/painter/SubstancePainterUtils
instanceKlass org/pushingpixels/substance/internal/painter/OverlayPainterUtils
instanceKlass org/pushingpixels/substance/internal/painter/BackgroundPaintingUtils
instanceKlass java/awt/print/PrinterGraphics
instanceKlass java/awt/PrintGraphics
instanceKlass org/pushingpixels/lafwidget/utils/RenderingUtils
instanceKlass com/jpexs/decompiler/flash/BaseLocalData
instanceKlass com/jpexs/decompiler/graph/GraphSource
instanceKlass sun/awt/SunGraphicsCallback
instanceKlass com/jpexs/decompiler/flash/dumpview/DumpInfo
instanceKlass sun/java2d/d3d/D3DScreenUpdateManager$$Lambda$25
instanceKlass sun/java2d/pipe/BufferedPaints
instanceKlass com/jpexs/helpers/CancellableWorker$1
instanceKlass java/util/concurrent/SynchronousQueue$TransferStack$SNode
instanceKlass sun/java2d/d3d/D3DSurfaceData$1
instanceKlass java/util/concurrent/SynchronousQueue$Transferer
instanceKlass sun/java2d/d3d/D3DSurfaceData$1Status
instanceKlass javax/swing/RepaintManager$4
instanceKlass com/jpexs/helpers/ProgressListener
instanceKlass javax/swing/RepaintManager$2$1
instanceKlass com/jpexs/decompiler/flash/UrlResolver
instanceKlass com/jpexs/helpers/Stopwatch
instanceKlass sun/awt/GlobalCursorManager$NativeUpdater
instanceKlass sun/awt/GlobalCursorManager
instanceKlass java/lang/invoke/LambdaForm$MH
instanceKlass java/lang/invoke/LambdaForm$DMH
instanceKlass java/lang/invoke/LambdaForm$DMH
instanceKlass org/pushingpixels/substance/internal/ui/SubstanceRootPaneUI$1$3$1
instanceKlass com/jpexs/decompiler/flash/gui/Main$$Lambda$24
instanceKlass java/awt/EventQueue$4
instanceKlass java/lang/invoke/LambdaForm$DMH
instanceKlass org/pushingpixels/substance/internal/animation/StateTransitionTracker$5$1
instanceKlass java/awt/SequencedEvent$1
instanceKlass sun/awt/AWTAccessor$SequencedEventAccessor
instanceKlass java/awt/SplashScreen
instanceKlass com/jpexs/decompiler/flash/SWFBundle
instanceKlass java/io/ObjectOutputStream$ReplaceTable
instanceKlass java/io/ObjectOutputStream$HandleTable
instanceKlass com/sun/jna/Function$PostCallRead
instanceKlass com/sun/jna/WeakIdentityHashMap
instanceKlass com/sun/jna/NativeString
instanceKlass java/lang/reflect/AnnotatedType
instanceKlass com/sun/jna/Library$Handler$FunctionInfo
instanceKlass com/sun/jna/NativeMappedConverter
instanceKlass com/sun/jna/NativeLibrary
instanceKlass com/sun/jna/Library$1
instanceKlass com/sun/jna/Library$Handler
instanceKlass com/sun/jna/Native$8
instanceKlass com/sun/jna/Native$2
instanceKlass com/sun/jna/Structure$FFIType$FFITypes
instanceKlass com/sun/jna/Native$ffi_callback
instanceKlass com/sun/jna/PointerType
instanceKlass com/sun/jna/WString
instanceKlass com/sun/jna/CallbackProxy
instanceKlass com/sun/jna/Callback
instanceKlass com/sun/jna/Structure$ByValue
instanceKlass com/sun/jna/NativeMapped
instanceKlass com/sun/jna/ToNativeContext
instanceKlass com/sun/jna/FromNativeContext
instanceKlass com/sun/jna/Structure
instanceKlass com/sun/jna/Pointer
instanceKlass java/io/DeleteOnExitHook$1
instanceKlass java/io/DeleteOnExitHook
instanceKlass java/io/File$TempDirectory
instanceKlass com/sun/jna/Native$6
instanceKlass com/sun/jna/Native$1
instanceKlass com/sun/jna/Callback$UncaughtExceptionHandler
instanceKlass com/sun/jna/Native
instanceKlass com/sun/jna/win32/W32APIFunctionMapper
instanceKlass com/sun/jna/win32/W32APITypeMapper$2
instanceKlass com/sun/jna/DefaultTypeMapper$Entry
instanceKlass com/sun/jna/win32/W32APITypeMapper$1
instanceKlass com/sun/jna/TypeConverter
instanceKlass com/sun/jna/ToNativeConverter
instanceKlass com/sun/jna/FromNativeConverter
instanceKlass com/sun/jna/DefaultTypeMapper
instanceKlass com/sun/jna/TypeMapper
instanceKlass com/sun/jna/win32/W32APIOptions
instanceKlass com/sun/jna/FunctionMapper
instanceKlass com/sun/jna/platform/win32/Kernel32
instanceKlass com/sun/jna/platform/win32/WinNT
instanceKlass com/sun/jna/platform/win32/WinBase
instanceKlass com/sun/jna/platform/win32/BaseTSD
instanceKlass com/sun/jna/platform/win32/WinDef
instanceKlass com/sun/jna/win32/StdCallLibrary
instanceKlass com/sun/jna/win32/StdCall
instanceKlass com/sun/jna/AltCallingConvention
instanceKlass com/sun/jna/Library
instanceKlass java/net/Socket
instanceKlass sun/net/NetHooks
instanceKlass com/sun/jna/platform/win32/WinError
instanceKlass java/net/InetSocketAddress$InetSocketAddressHolder
instanceKlass java/net/PlainSocketImpl$1
instanceKlass java/net/StandardSocketOptions$StdSocketOption
instanceKlass java/net/StandardSocketOptions
instanceKlass jdk/net/ExtendedSocketOptions$PlatformSocketOptions$1
instanceKlass jdk/net/ExtendedSocketOptions$PlatformSocketOptions
instanceKlass jdk/net/SocketFlow
instanceKlass jdk/net/ExtendedSocketOptions$ExtSocketOption
instanceKlass java/net/SocketOption
instanceKlass jdk/net/ExtendedSocketOptions
instanceKlass sun/net/ExtendedSocketOptions
instanceKlass java/net/AbstractPlainSocketImpl$1
instanceKlass java/net/SocketImpl
instanceKlass java/net/SocketOptions
instanceKlass java/net/SocksConsts
instanceKlass com/sun/jna/Platform
instanceKlass com/jpexs/decompiler/flash/gui/pipes/FirstInstance
instanceKlass com/jpexs/decompiler/flash/gui/Main$18
instanceKlass com/jpexs/decompiler/flash/gui/Main$17
instanceKlass com/jpexs/debugger/flash/DebuggerMessage
instanceKlass com/jpexs/debugger/flash/DebugMessageListener
instanceKlass java/net/InetAddress$CacheEntry
instanceKlass sun/net/InetAddressCachePolicy$2
instanceKlass com/jpexs/debugger/flash/Debugger
instanceKlass sun/net/InetAddressCachePolicy$1
instanceKlass sun/net/InetAddressCachePolicy
instanceKlass java/net/ServerSocket
instanceKlass com/jpexs/decompiler/flash/gui/Main$16
instanceKlass com/jpexs/decompiler/flash/gui/debugger/Debugger
instanceKlass com/jpexs/decompiler/flash/gui/debugger/DebuggerTools
instanceKlass org/pushingpixels/substance/internal/utils/menu/MenuUtilities$MenuLayoutMetrics
instanceKlass org/pushingpixels/substance/internal/utils/menu/MenuUtilities$MenuLayoutInfo
instanceKlass sun/swing/MenuItemLayoutHelper$RectSize
instanceKlass javax/swing/SizeRequirements
instanceKlass sun/java2d/StateTrackableDelegate$1
instanceKlass org/pushingpixels/substance/internal/animation/StateTransitionTracker$7$2
instanceKlass org/pushingpixels/trident/TimelineEngine$2
instanceKlass sun/java2d/d3d/D3DBlitLoops
instanceKlass sun/java2d/loops/ProcessPath$DrawHandler
instanceKlass sun/java2d/pipe/BufferedRenderPipe$AAParallelogramPipe
instanceKlass sun/java2d/pipe/BufferedRenderPipe
instanceKlass sun/java2d/pipe/hw/AccelSurface
instanceKlass javax/swing/RepaintManager$2
instanceKlass java/text/FieldPosition$Delegate
instanceKlass sun/security/validator/EndEntityChecker
instanceKlass org/pushingpixels/substance/internal/utils/SubstanceTitlePane$1
instanceKlass org/pushingpixels/substance/internal/utils/SubstanceTitlePane$PropertyChangeHandler
instanceKlass sun/security/validator/Validator
instanceKlass sun/awt/im/InputMethodAdapter
instanceKlass java/awt/im/spi/InputMethod
instanceKlass sun/security/x509/NetscapeCertTypeExtension$MapEntry
instanceKlass org/pushingpixels/substance/internal/animation/StateTransitionTracker$6$1
instanceKlass java/awt/im/spi/InputMethodContext
instanceKlass java/awt/im/InputMethodRequests
instanceKlass org/pushingpixels/substance/internal/animation/StateTransitionTracker$7$1
instanceKlass java/security/interfaces/DSAPublicKey
instanceKlass java/security/interfaces/DSAKey
instanceKlass java/awt/im/InputContext
instanceKlass org/pushingpixels/substance/internal/animation/StateTransitionTracker$8$1
instanceKlass org/pushingpixels/trident/callback/RunOnUIThread
instanceKlass java/security/spec/DSAPublicKeySpec
instanceKlass org/pushingpixels/trident/TimelineEngine$1
instanceKlass org/pushingpixels/trident/TimelineEngine$FullObjectID
instanceKlass java/security/AlgorithmParametersSpi
instanceKlass java/security/AlgorithmParameters
instanceKlass org/pushingpixels/trident/TimelineEngine$4
instanceKlass org/pushingpixels/trident/Timeline$1
instanceKlass sun/security/util/Pem
instanceKlass javax/crypto/JarVerifier$1
instanceKlass javax/crypto/JarVerifier
instanceKlass org/pushingpixels/trident/TimelineEngine
instanceKlass javax/crypto/CryptoPolicyParser$CryptoPermissionEntry
instanceKlass javax/crypto/CryptoPolicyParser$GrantEntry
instanceKlass java/io/StreamTokenizer
instanceKlass javax/crypto/CryptoPolicyParser
instanceKlass org/pushingpixels/substance/internal/animation/StateTransitionListener
instanceKlass org/pushingpixels/trident/TimelinePropertyBuilder$DefaultPropertySetter
instanceKlass java/util/zip/ZipFile$ZipEntryIterator
instanceKlass java/util/jar/JarFile$JarEntryIterator
instanceKlass org/pushingpixels/trident/TimelinePropertyBuilder$AbstractFieldInfo
instanceKlass org/pushingpixels/trident/TimelinePropertyBuilder$PropertyGetter
instanceKlass org/pushingpixels/trident/TimelinePropertyBuilder
instanceKlass javax/crypto/JceSecurity$1
instanceKlass javax/swing/table/TableCellRenderer
instanceKlass javax/swing/tree/TreeCellRenderer
instanceKlass javax/crypto/JceSecurity
instanceKlass javax/swing/ListCellRenderer
instanceKlass java/util/Collections$1
instanceKlass javax/crypto/Cipher$Transform
instanceKlass javax/crypto/Cipher
instanceKlass sun/security/ssl/Utilities
instanceKlass sun/security/ssl/JsseJce
instanceKlass sun/awt/NullComponentPeer
instanceKlass sun/security/ssl/SSLCipher$StreamWriteCipherGenerator
instanceKlass sun/security/ssl/SSLCipher$StreamReadCipherGenerator
instanceKlass sun/security/ssl/SSLCipher$NullWriteCipherGenerator
instanceKlass sun/security/ssl/SSLCipher$WriteCipherGenerator
instanceKlass sun/security/ssl/SSLCipher$NullReadCipherGenerator
instanceKlass sun/security/ssl/SSLCipher$ReadCipherGenerator
instanceKlass java/util/AbstractMap$SimpleImmutableEntry
instanceKlass java/awt/peer/DialogPeer
instanceKlass sun/security/ssl/SSLAlgorithmConstraints
instanceKlass java/awt/peer/LightweightPeer
instanceKlass sun/awt/im/ExecutableInputMethodManager$3
instanceKlass sun/security/ssl/SSLLogger
instanceKlass sun/awt/im/InputMethodLocator
instanceKlass sun/awt/windows/WInputMethodDescriptor
instanceKlass java/awt/im/spi/InputMethodDescriptor
instanceKlass sun/awt/im/InputMethodManager
instanceKlass sun/security/ssl/SunJSSE$1
instanceKlass java/util/concurrent/ConcurrentHashMap$MapEntry
instanceKlass java/util/concurrent/ConcurrentHashMap$Traverser
instanceKlass sun/awt/FontConfiguration$2
instanceKlass sun/awt/NativeLibLoader$1
instanceKlass sun/awt/NativeLibLoader
instanceKlass sun/awt/PlatformFont
instanceKlass java/awt/peer/FontPeer
instanceKlass sun/awt/windows/WComponentPeer$2
instanceKlass sun/awt/windows/WColor
instanceKlass javax/swing/SwingHeavyWeight
instanceKlass sun/java2d/StateTracker$2
instanceKlass sun/java2d/StateTracker$1
instanceKlass sun/java2d/StateTracker
instanceKlass sun/java2d/SurfaceDataProxy
instanceKlass sun/awt/image/SurfaceManager$FlushableCacheData
instanceKlass sun/java2d/windows/GDIRenderer
instanceKlass sun/java2d/d3d/D3DScreenUpdateManager$$Lambda$23
instanceKlass sun/java2d/d3d/D3DScreenUpdateManager$$Lambda$22
instanceKlass sun/java2d/ScreenUpdateManager
instanceKlass java/security/spec/ECFieldF2m
instanceKlass sun/awt/im/InputMethodWindow
instanceKlass java/security/spec/ECPoint
instanceKlass java/security/spec/EllipticCurve
instanceKlass java/security/spec/ECFieldFp
instanceKlass java/security/spec/ECParameterSpec
instanceKlass java/security/spec/AlgorithmParameterSpec
instanceKlass java/security/spec/ECField
instanceKlass sun/security/ec/CurveDB
instanceKlass sun/security/ec/SunECEntries
instanceKlass sun/awt/ExtendedKeyCodes
instanceKlass sun/awt/RepaintArea
instanceKlass sun/awt/windows/WWindowPeer$GuiDisposedListener
instanceKlass sun/awt/windows/WWindowPeer$ActiveWindowListener
instanceKlass java/awt/peer/CanvasPeer
instanceKlass java/awt/peer/PanelPeer
instanceKlass sun/security/ec/SunEC$1
instanceKlass java/awt/peer/FramePeer
instanceKlass java/awt/peer/WindowPeer
instanceKlass java/awt/peer/ContainerPeer
instanceKlass sun/security/util/ManifestEntryVerifier$SunProviderHolder
instanceKlass sun/nio/cs/Surrogate
instanceKlass sun/nio/cs/Surrogate$Parser
instanceKlass java/util/Base64$Encoder
instanceKlass java/util/Base64$Decoder
instanceKlass java/util/Base64
instanceKlass java/security/cert/CertPath
instanceKlass java/math/MutableBigInteger
instanceKlass sun/security/rsa/RSAPadding
instanceKlass sun/security/rsa/RSACore
instanceKlass sun/security/rsa/RSAUtil$1
instanceKlass java/security/interfaces/RSAPrivateCrtKey
instanceKlass sun/security/pkcs/PKCS8Key
instanceKlass java/security/interfaces/RSAPrivateKey
instanceKlass java/security/PrivateKey
instanceKlass sun/security/util/SignatureUtil
instanceKlass sun/security/jca/ServiceId
instanceKlass java/security/Signature$1
instanceKlass sun/misc/JavaSecuritySignatureAccess
instanceKlass java/security/SignatureSpi
instanceKlass javax/crypto/SecretKey
instanceKlass javax/security/auth/Destroyable
instanceKlass sun/security/util/Length
instanceKlass sun/security/util/KeyUtil
instanceKlass sun/text/normalizer/NormalizerBase$1
instanceKlass sun/text/normalizer/NormalizerBase$QuickCheckResult
instanceKlass sun/text/normalizer/NormalizerBase$Mode
instanceKlass sun/text/normalizer/NormalizerBase
instanceKlass java/text/Normalizer
instanceKlass sun/security/pkcs/PKCS9Attribute
instanceKlass sun/security/x509/AVAKeyword
instanceKlass sun/security/util/ConstraintsParameters
instanceKlass sun/security/pkcs/SignerInfo
instanceKlass jdk/internal/event/EventHelper
instanceKlass sun/security/util/MemoryCache$CacheEntry
instanceKlass sun/security/x509/X509AttributeName
instanceKlass sun/security/x509/GeneralNames
instanceKlass sun/security/x509/KeyIdentifier
instanceKlass sun/security/x509/OIDMap$OIDInfo
instanceKlass sun/security/x509/PKIXExtensions
instanceKlass sun/security/x509/OIDMap
instanceKlass sun/security/x509/Extension
instanceKlass java/security/cert/Extension
instanceKlass sun/security/x509/CertificateExtensions
instanceKlass sun/security/rsa/RSAUtil
instanceKlass java/security/interfaces/RSAPublicKey
instanceKlass java/security/interfaces/RSAKey
instanceKlass java/security/spec/RSAPrivateKeySpec
instanceKlass java/security/spec/RSAPublicKeySpec
instanceKlass java/security/KeyFactorySpi
instanceKlass sun/security/jca/ProviderList$ServiceList$1
instanceKlass java/security/KeyFactory
instanceKlass java/security/spec/EncodedKeySpec
instanceKlass java/security/spec/KeySpec
instanceKlass sun/security/util/BitArray
instanceKlass sun/font/T2KFontScaler$1
instanceKlass sun/security/x509/X509Key
instanceKlass java/security/PublicKey
instanceKlass java/security/Key
instanceKlass sun/security/x509/CertificateX509Key
instanceKlass sun/font/FontScaler
instanceKlass sun/security/x509/CertificateValidity
instanceKlass sun/security/x509/AVA
instanceKlass sun/security/x509/RDN
instanceKlass sun/font/StrikeCache$DisposableStrike
instanceKlass sun/font/FontStrikeDisposer
instanceKlass javax/security/auth/x500/X500Principal
instanceKlass sun/java2d/Disposer$PollDisposable
instanceKlass sun/security/x509/X500Name$1
instanceKlass sun/font/FontStrikeDesc
instanceKlass sun/security/x509/X500Name
instanceKlass sun/security/x509/GeneralNameInterface
instanceKlass java/awt/FontMetrics
instanceKlass sun/security/x509/CertificateAlgorithmId
instanceKlass sun/security/x509/SerialNumber
instanceKlass org/pushingpixels/substance/internal/ui/SubstanceLabelUI$1
instanceKlass sun/security/x509/CertificateSerialNumber
instanceKlass sun/security/x509/CertificateVersion
instanceKlass sun/security/x509/X509CertInfo
instanceKlass sun/security/x509/CertAttrSet
instanceKlass com/jpexs/decompiler/flash/gui/ListLayout
instanceKlass javax/swing/Timer$1
instanceKlass com/jpexs/decompiler/flash/gui/MyProgressBarUI$MySubstanceChangeListener
instanceKlass org/pushingpixels/substance/internal/ui/SubstanceProgressBarUI$1
instanceKlass org/pushingpixels/substance/internal/ui/SubstanceProgressBarUI$SubstanceChangeListener
instanceKlass sun/security/util/Cache$EqualByteArray
instanceKlass javax/swing/plaf/basic/BasicProgressBarUI$Handler
instanceKlass java/security/cert/X509Extension
instanceKlass sun/security/util/Cache
instanceKlass org/pushingpixels/trident/TimelinePropertyBuilder$PropertySetter
instanceKlass java/security/cert/CertificateFactorySpi
instanceKlass java/security/cert/CertificateFactory
instanceKlass javax/swing/JProgressBar$ModelListener
instanceKlass sun/security/x509/AlgorithmId
instanceKlass sun/security/util/ByteArrayTagOrder
instanceKlass sun/security/util/ByteArrayLexOrder
instanceKlass sun/security/util/DerEncoder
instanceKlass sun/security/util/DerValue
instanceKlass sun/security/util/ObjectIdentifier
instanceKlass sun/security/pkcs/ContentInfo
instanceKlass sun/security/util/DerIndefLenConverter
instanceKlass sun/security/util/DerInputStream
instanceKlass sun/security/pkcs/PKCS7
instanceKlass sun/security/util/ManifestDigester$Section
instanceKlass sun/security/util/ManifestDigester$Entry
instanceKlass sun/security/util/ManifestDigester$Position
instanceKlass sun/security/util/ManifestDigester
instanceKlass sun/security/rsa/SunRsaSignEntries
instanceKlass javax/swing/KeyboardManager$ComponentKeyStrokePair
instanceKlass javax/net/ssl/SSLContextSpi
instanceKlass javax/net/ssl/SSLContext
instanceKlass javax/net/ssl/SSLSocketFactory$1
instanceKlass javax/net/SocketFactory
instanceKlass javax/net/ssl/HttpsURLConnection$DefaultHostnameVerifier
instanceKlass javax/net/ssl/HostnameVerifier
instanceKlass java/util/concurrent/locks/LockSupport
instanceKlass javax/swing/TimerQueue$DelayedTimer
instanceKlass java/util/concurrent/Delayed
instanceKlass javax/swing/TimerQueue$1
instanceKlass javax/swing/TimerQueue
instanceKlass javax/swing/SwingWorker$SwingWorkerPropertyChangeSupport$1
instanceKlass javax/swing/SwingWorker$7
instanceKlass java/util/concurrent/LinkedBlockingQueue$Node
instanceKlass java/util/concurrent/BlockingQueue
instanceKlass java/util/concurrent/ThreadPoolExecutor$AbortPolicy
instanceKlass java/util/concurrent/RejectedExecutionHandler
instanceKlass java/util/concurrent/AbstractExecutorService
instanceKlass java/util/concurrent/ExecutorService
instanceKlass java/util/concurrent/Executor
instanceKlass java/util/concurrent/Executors$DefaultThreadFactory
instanceKlass java/util/concurrent/Executors
instanceKlass javax/swing/SwingWorker$6
instanceKlass java/util/concurrent/ThreadFactory
instanceKlass java/util/concurrent/FutureTask$WaitNode
instanceKlass java/util/concurrent/FutureTask
instanceKlass javax/swing/SwingWorker$1
instanceKlass java/util/concurrent/Callable
instanceKlass sun/swing/AccumulativeRunnable
instanceKlass javax/swing/SwingWorker
instanceKlass javax/swing/plaf/basic/ComboPopup
instanceKlass org/pushingpixels/lafwidget/scroll/AutoScrollWidget$1
instanceKlass org/pushingpixels/lafwidget/scroll/ScrollPaneSelectorWidget$2
instanceKlass org/pushingpixels/lafwidget/scroll/ScrollPaneSelectorWidget$1
instanceKlass org/pushingpixels/substance/internal/ui/SubstanceScrollPaneUI$3
instanceKlass org/pushingpixels/substance/internal/ui/SubstanceScrollPaneUI$2
instanceKlass javax/swing/plaf/basic/BasicScrollPaneUI$Handler
instanceKlass org/pushingpixels/substance/internal/ui/SubstanceScrollPaneUI$1
instanceKlass javax/swing/event/RowSorterListener
instanceKlass javax/swing/event/CellEditorListener
instanceKlass javax/swing/event/ListSelectionListener
instanceKlass javax/swing/event/TableColumnModelListener
instanceKlass javax/swing/event/TableModelListener
instanceKlass org/pushingpixels/substance/internal/ui/SubstanceScrollBarUI$3
instanceKlass org/pushingpixels/substance/internal/ui/SubstanceScrollBarUI$2
instanceKlass org/pushingpixels/substance/internal/utils/RolloverControlListener
instanceKlass javax/swing/plaf/basic/BasicScrollBarUI$ScrollListener
instanceKlass javax/swing/plaf/basic/BasicScrollBarUI$Handler
instanceKlass javax/swing/plaf/basic/BasicScrollBarUI$ModelListener
instanceKlass org/pushingpixels/substance/internal/ui/SubstanceScrollBarUI$CompositeButtonModel$1
instanceKlass org/pushingpixels/substance/internal/utils/ButtonVisualStateTracker$1
instanceKlass javax/swing/JScrollBar$ModelListener
instanceKlass java/awt/Adjustable
instanceKlass javax/swing/ViewportLayout
instanceKlass javax/swing/ScrollPaneLayout
instanceKlass com/jpexs/decompiler/flash/gui/ErrorLogFrame$1
instanceKlass org/pushingpixels/flamingo/internal/utils/FlamingoUtilities
instanceKlass sun/java2d/loops/GraphicsPrimitive$GeneralBinaryOp
instanceKlass java/awt/MultipleGradientPaintContext
instanceKlass sun/java2d/pipe/AlphaPaintPipe$TileContext
instanceKlass java/awt/GradientPaintContext
instanceKlass java/awt/PaintContext
instanceKlass java/awt/GradientPaint
instanceKlass java/io/RandomAccessFile$1
instanceKlass com/sun/imageio/plugins/common/ReaderUtil
instanceKlass com/sun/imageio/plugins/png/PNGImageDataEnumeration
instanceKlass javax/imageio/IIOParam
instanceKlass javax/imageio/metadata/IIOMetadata
instanceKlass javax/imageio/ImageIO$ImageReaderIterator
instanceKlass javax/imageio/spi/FilterIterator
instanceKlass javax/imageio/ImageIO$CanDecodeInputFilter
instanceKlass javax/imageio/spi/ServiceRegistry$Filter
instanceKlass javax/imageio/stream/FileCacheImageInputStream$StreamDisposerRecord
instanceKlass com/sun/imageio/stream/StreamCloser$2
instanceKlass com/sun/imageio/stream/StreamCloser$1
instanceKlass com/sun/imageio/stream/StreamCloser$CloseAction
instanceKlass com/sun/imageio/stream/StreamCloser
instanceKlass java/util/RegularEnumSet$EnumSetIterator
instanceKlass sun/nio/fs/WindowsPath$1
instanceKlass sun/nio/fs/BasicFileAttributesHolder
instanceKlass sun/nio/fs/WindowsDirectoryStream$WindowsDirectoryIterator
instanceKlass sun/nio/fs/WindowsFileAttributes
instanceKlass java/nio/file/attribute/DosFileAttributes
instanceKlass java/nio/file/attribute/BasicFileAttributes
instanceKlass sun/nio/fs/WindowsDirectoryStream
instanceKlass java/nio/file/DirectoryStream
instanceKlass java/nio/file/Files$AcceptAllFilter
instanceKlass java/nio/file/DirectoryStream$Filter
instanceKlass java/net/NetworkInterface$2
instanceKlass java/net/DefaultInterface
instanceKlass java/net/InterfaceAddress
instanceKlass java/net/NetworkInterface$1
instanceKlass java/net/NetworkInterface
instanceKlass sun/security/provider/SeedGenerator$1
instanceKlass sun/security/provider/SeedGenerator
instanceKlass sun/security/provider/SecureRandom$SeederHolder
instanceKlass java/security/SecureRandomSpi
instanceKlass java/util/Random
instanceKlass java/nio/file/TempFileHelper
instanceKlass java/nio/file/Files
instanceKlass javax/imageio/stream/ImageInputStreamImpl
instanceKlass javax/imageio/ImageIO$CacheInfo
instanceKlass javax/imageio/spi/PartialOrderIterator
instanceKlass javax/imageio/ImageTypeSpecifier
instanceKlass javax/imageio/ImageWriter
instanceKlass javax/imageio/ImageTranscoder
instanceKlass javax/imageio/metadata/IIOMetadataFormat
instanceKlass javax/imageio/ImageReader
instanceKlass javax/imageio/spi/IIORegistry$1
instanceKlass com/sun/imageio/plugins/jpeg/JPEG
instanceKlass javax/imageio/stream/ImageOutputStream
instanceKlass javax/imageio/spi/DigraphNode
instanceKlass javax/imageio/stream/ImageInputStream
instanceKlass javax/imageio/spi/SubRegistry
instanceKlass java/util/Vector$Itr
instanceKlass javax/imageio/spi/IIOServiceProvider
instanceKlass javax/imageio/spi/RegisterableService
instanceKlass javax/imageio/spi/ServiceRegistry
instanceKlass javax/imageio/ImageIO
instanceKlass com/jpexs/decompiler/flash/gui/MyResizableIcon
instanceKlass org/pushingpixels/flamingo/api/common/popup/PopupPanelCallback
instanceKlass org/pushingpixels/flamingo/api/common/PopupActionListener
instanceKlass org/pushingpixels/flamingo/api/common/icon/ResizableIcon
instanceKlass org/pushingpixels/flamingo/api/common/AsynchronousLoadListener
instanceKlass org/pushingpixels/substance/internal/ui/SubstanceRootPaneUI$SubstanceRootLayout
instanceKlass org/pushingpixels/substance/internal/ui/SubstanceRootPaneUI$MouseInputHandler$1
instanceKlass org/pushingpixels/substance/internal/ui/SubstanceRootPaneUI$MouseInputHandler
instanceKlass org/pushingpixels/substance/internal/utils/SubstanceTitlePane$TitlePaneLayout
instanceKlass org/pushingpixels/substance/internal/utils/SubstanceTitlePane$6
instanceKlass org/pushingpixels/substance/internal/utils/SubstanceTitlePane$5
instanceKlass org/pushingpixels/substance/internal/utils/icon/SubstanceIconFactory$1
instanceKlass org/pushingpixels/substance/internal/utils/HashMapKey
instanceKlass org/pushingpixels/substance/internal/utils/icon/SubstanceIconFactory
instanceKlass org/pushingpixels/substance/internal/utils/icon/TransitionAwareIcon$1
instanceKlass org/pushingpixels/substance/internal/utils/SubstanceTitlePane$4
instanceKlass org/pushingpixels/substance/internal/utils/icon/TransitionAwareIcon
instanceKlass org/pushingpixels/substance/internal/ui/SubstanceButtonUI$1
instanceKlass org/pushingpixels/substance/internal/animation/ModificationAwareUI
instanceKlass org/pushingpixels/substance/internal/utils/menu/MenuUtilities
instanceKlass org/pushingpixels/substance/internal/ui/SubstancePopupMenuUI$2
instanceKlass org/pushingpixels/substance/internal/ui/SubstancePopupMenuUI$1
instanceKlass javax/swing/plaf/basic/BasicPopupMenuUI$MenuKeyboardHelper
instanceKlass javax/swing/plaf/basic/BasicPopupMenuUI$MouseGrabber
instanceKlass javax/swing/plaf/basic/BasicPopupMenuUI$BasicMenuKeyListener
instanceKlass javax/swing/plaf/basic/BasicPopupMenuUI$BasicPopupMenuListener
instanceKlass javax/swing/plaf/basic/BasicLookAndFeel$1
instanceKlass java/awt/Toolkit$SelectiveAWTEventListener
instanceKlass javax/swing/plaf/basic/BasicLookAndFeel$AWTEventHelper
instanceKlass javax/swing/event/PopupMenuListener
instanceKlass javax/swing/ActionPropertyChangeListener
instanceKlass org/pushingpixels/substance/api/renderers/SubstanceRenderer
instanceKlass org/pushingpixels/substance/internal/ui/SubstanceMenuItemUI$1
instanceKlass org/pushingpixels/substance/internal/utils/RolloverMenuItemListener
instanceKlass javax/swing/plaf/basic/BasicIconFactory$MenuItemArrowIcon
instanceKlass org/pushingpixels/substance/internal/ui/SubstanceMenuUI$3
instanceKlass org/pushingpixels/substance/internal/utils/menu/MenuUtilities$MenuPropertyListener$1
instanceKlass org/pushingpixels/substance/internal/utils/menu/MenuUtilities$MenuPropertyListener
instanceKlass javax/swing/plaf/basic/BasicMenuItemUI$Handler
instanceKlass javax/swing/event/MenuDragMouseListener
instanceKlass sun/swing/MenuItemLayoutHelper
instanceKlass javax/swing/plaf/basic/BasicGraphicsUtils
instanceKlass org/pushingpixels/substance/internal/utils/icon/ArrowButtonTransitionAwareIcon$2
instanceKlass org/pushingpixels/substance/internal/utils/icon/ArrowButtonTransitionAwareIcon$1
instanceKlass org/pushingpixels/substance/internal/utils/icon/TransitionAwareIcon$TransitionAwareUIDelegate
instanceKlass org/pushingpixels/substance/internal/utils/icon/ArrowButtonTransitionAwareIcon
instanceKlass org/pushingpixels/substance/internal/utils/icon/MenuArrowIcon
instanceKlass javax/swing/MenuSelectionManager
instanceKlass org/pushingpixels/substance/internal/utils/menu/SubstanceMenu
instanceKlass javax/swing/JMenuItem$MenuItemFocusListener
instanceKlass javax/swing/JMenu$MenuChangeListener
instanceKlass java/awt/event/ContainerAdapter
instanceKlass org/pushingpixels/substance/internal/utils/SubstanceWidgetManager
instanceKlass org/pushingpixels/lafwidget/menu/MenuSearchWidget$SearchPanel$3
instanceKlass javax/swing/JTextField$ScrollRepainter
instanceKlass javax/swing/DefaultBoundedRangeModel
instanceKlass javax/swing/BoundedRangeModel
instanceKlass javax/swing/plaf/synth/SynthUI
instanceKlass javax/swing/plaf/synth/SynthConstants
instanceKlass org/pushingpixels/lafwidget/text/LockBorderWidget$1$1
instanceKlass javax/swing/text/JTextComponent$DefaultKeymap
instanceKlass javax/swing/text/Keymap
instanceKlass org/pushingpixels/lafwidget/text/LockBorderWidget$1
instanceKlass org/pushingpixels/lafwidget/text/SelectOnEscapeWidget$2
instanceKlass java/awt/event/FocusAdapter
instanceKlass org/pushingpixels/substance/internal/ui/SubstanceTextFieldUI$2
instanceKlass org/pushingpixels/substance/internal/utils/RolloverTextControlListener
instanceKlass javax/swing/text/TabExpander
instanceKlass javax/swing/text/StyleContext$KeyEnumeration
instanceKlass javax/swing/text/GapContent$StickyPosition
instanceKlass javax/swing/text/Position
instanceKlass javax/swing/text/AbstractDocument$1
instanceKlass javax/swing/text/AbstractDocument$AbstractElement
instanceKlass javax/swing/tree/TreeNode
instanceKlass javax/swing/text/Element
instanceKlass java/util/Collections$3
instanceKlass javax/swing/text/StyleContext$SmallAttributeSet
instanceKlass javax/swing/text/StyleContext$NamedStyle
instanceKlass javax/swing/text/Style
instanceKlass javax/swing/text/SimpleAttributeSet$EmptyAttributeSet
instanceKlass javax/swing/text/SimpleAttributeSet
instanceKlass javax/swing/text/MutableAttributeSet
instanceKlass javax/swing/text/AttributeSet
instanceKlass javax/swing/text/StyleContext$FontKey
instanceKlass javax/swing/text/AttributeSet$ParagraphAttribute
instanceKlass javax/swing/text/AttributeSet$ColorAttribute
instanceKlass javax/swing/text/AttributeSet$FontAttribute
instanceKlass javax/swing/text/AttributeSet$CharacterAttribute
instanceKlass javax/swing/text/StyleConstants
instanceKlass javax/swing/text/StyleContext
instanceKlass javax/swing/text/AbstractDocument$AttributeContext
instanceKlass javax/swing/text/GapVector
instanceKlass javax/swing/text/AbstractDocument$Content
instanceKlass javax/swing/text/AbstractDocument
instanceKlass javax/swing/TransferHandler$TransferSupport
instanceKlass javax/swing/TransferHandler$DropHandler
instanceKlass java/awt/datatransfer/SystemFlavorMap$SoftCache
instanceKlass java/awt/datatransfer/SystemFlavorMap
instanceKlass java/awt/datatransfer/FlavorTable
instanceKlass java/awt/datatransfer/FlavorMap
instanceKlass java/awt/dnd/DropTargetContext
instanceKlass javax/swing/ClientPropertyKey$1
instanceKlass sun/awt/AWTAccessor$ClientPropertyKeyAccessor
instanceKlass javax/swing/text/DefaultHighlighter$SafeDamager
instanceKlass javax/swing/text/LayeredHighlighter$LayerPainter
instanceKlass javax/swing/text/Highlighter$HighlightPainter
instanceKlass javax/swing/text/Highlighter$Highlight
instanceKlass javax/swing/text/LayeredHighlighter
instanceKlass javax/swing/text/Highlighter
instanceKlass javax/swing/text/Document
instanceKlass javax/swing/text/DefaultCaret$Handler
instanceKlass java/awt/datatransfer/ClipboardOwner
instanceKlass javax/swing/text/Caret
instanceKlass org/pushingpixels/substance/internal/ui/SubstanceTextFieldUI$3
instanceKlass org/pushingpixels/substance/internal/utils/border/SubstanceTextComponentBorder
instanceKlass org/pushingpixels/substance/internal/ui/SubstanceTextFieldUI$1
instanceKlass javax/swing/plaf/basic/DragRecognitionSupport$BeforeDrag
instanceKlass javax/swing/plaf/basic/BasicTextUI$UpdateHandler
instanceKlass javax/swing/event/DocumentListener
instanceKlass javax/swing/text/View
instanceKlass javax/swing/text/Position$Bias
instanceKlass javax/swing/text/EditorKit
instanceKlass javax/swing/text/ViewFactory
instanceKlass org/pushingpixels/lafwidget/menu/MenuSearchWidget$SearchPanel$1
instanceKlass java/awt/event/KeyAdapter
instanceKlass javax/swing/event/MenuKeyListener
instanceKlass java/awt/event/MouseMotionAdapter
instanceKlass javax/swing/ToolTipManager$stillInsideTimerAction
instanceKlass javax/swing/ToolTipManager$outsideTimerAction
instanceKlass javax/swing/Timer$DoPostEvent
instanceKlass javax/swing/ToolTipManager$insideTimerAction
instanceKlass javax/swing/Timer
instanceKlass java/awt/event/MouseAdapter
instanceKlass java/beans/VetoableChangeListener
instanceKlass javax/swing/event/AncestorListener
instanceKlass org/pushingpixels/lafwidget/animation/effects/GhostingListener$4
instanceKlass org/pushingpixels/lafwidget/animation/effects/GhostingListener
instanceKlass org/pushingpixels/lafwidget/animation/effects/GhostAnimationWidget$1
instanceKlass org/pushingpixels/substance/internal/ui/SubstanceToggleButtonUI$1
instanceKlass org/pushingpixels/substance/internal/utils/icon/GlowingIcon
instanceKlass org/pushingpixels/substance/internal/utils/ButtonVisualStateTracker$2
instanceKlass javax/swing/plaf/basic/BasicButtonListener
instanceKlass org/pushingpixels/substance/internal/animation/StateTransitionTracker$3
instanceKlass org/pushingpixels/substance/internal/animation/StateTransitionTracker$4
instanceKlass org/pushingpixels/substance/internal/utils/SubstanceInternalArrowButton
instanceKlass org/pushingpixels/substance/internal/utils/Sideable
instanceKlass org/pushingpixels/substance/internal/animation/IconGlowTracker
instanceKlass org/pushingpixels/trident/ease/Linear
instanceKlass org/pushingpixels/trident/Timeline$Chain
instanceKlass org/pushingpixels/trident/interpolator/CorePropertyInterpolators$LongPropertyInterpolator
instanceKlass org/pushingpixels/trident/interpolator/CorePropertyInterpolators$DoublePropertyInterpolator
instanceKlass org/pushingpixels/trident/interpolator/CorePropertyInterpolators$FloatPropertyInterpolator
instanceKlass org/pushingpixels/trident/interpolator/CorePropertyInterpolators$IntegerPropertyInterpolator
instanceKlass org/pushingpixels/trident/interpolator/CorePropertyInterpolators
instanceKlass org/pushingpixels/trident/android/AndroidPropertyInterpolators$RectFInterpolator
instanceKlass org/pushingpixels/trident/android/AndroidPropertyInterpolators$RectInterpolator
instanceKlass org/pushingpixels/trident/android/AndroidPropertyInterpolators$PointInterpolator
instanceKlass org/pushingpixels/trident/android/AndroidPropertyInterpolators$ColorInterpolator
instanceKlass org/pushingpixels/trident/android/AndroidPropertyInterpolators
instanceKlass org/pushingpixels/trident/android/AndroidToolkitHandler
instanceKlass org/pushingpixels/trident/swt/SWTPropertyInterpolators$ColorInterpolator
instanceKlass org/pushingpixels/trident/swt/SWTPropertyInterpolators
instanceKlass org/pushingpixels/trident/swt/SWTToolkitHandler
instanceKlass org/pushingpixels/trident/swing/AWTPropertyInterpolators$DimensionInterpolator
instanceKlass org/pushingpixels/trident/swing/AWTPropertyInterpolators$RectangleInterpolator
instanceKlass org/pushingpixels/trident/swing/AWTPropertyInterpolators$PointInterpolator
instanceKlass org/pushingpixels/trident/swing/AWTPropertyInterpolators$ColorInterpolator
instanceKlass org/pushingpixels/trident/interpolator/PropertyInterpolator
instanceKlass org/pushingpixels/trident/swing/AWTPropertyInterpolators
instanceKlass org/pushingpixels/trident/interpolator/PropertyInterpolatorSource
instanceKlass org/pushingpixels/trident/swing/SwingToolkitHandler
instanceKlass org/pushingpixels/trident/UIToolkitHandler
instanceKlass org/pushingpixels/trident/TridentConfig$FixedRatePulseSource
instanceKlass org/pushingpixels/trident/TridentConfig$PulseSource
instanceKlass org/pushingpixels/trident/TridentConfig
instanceKlass org/pushingpixels/trident/callback/TimelineCallbackAdapter
instanceKlass org/pushingpixels/trident/Timeline
instanceKlass org/pushingpixels/trident/TimelineScenario$TimelineScenarioActor
instanceKlass org/pushingpixels/substance/internal/animation/StateTransitionTracker$1
instanceKlass org/pushingpixels/substance/internal/animation/StateTransitionTracker$StateContributionInfo
instanceKlass org/pushingpixels/substance/internal/animation/StateTransitionTracker$ModelStateInfo
instanceKlass org/pushingpixels/trident/callback/TimelineCallback
instanceKlass org/pushingpixels/substance/internal/animation/StateTransitionTracker$RepaintCallback
instanceKlass org/pushingpixels/substance/internal/utils/ButtonVisualStateTracker
instanceKlass org/pushingpixels/substance/internal/utils/border/SubstanceButtonBorder
instanceKlass javax/swing/plaf/basic/BasicBorders
instanceKlass org/pushingpixels/substance/internal/utils/ButtonBackgroundDelegate
instanceKlass org/pushingpixels/substance/internal/animation/StateTransitionTracker
instanceKlass javax/swing/AbstractButton$Handler
instanceKlass javax/swing/DefaultButtonModel
instanceKlass javax/swing/ButtonModel
instanceKlass java/awt/geom/EllipseIterator
instanceKlass org/pushingpixels/lafwidget/menu/MenuSearchWidget$SearchResultsLayout
instanceKlass javax/swing/KeyboardManager
instanceKlass org/pushingpixels/lafwidget/menu/MenuSearchWidget$2
instanceKlass javax/swing/plaf/basic/BasicMenuBarUI$Handler
instanceKlass javax/swing/BoxLayout
instanceKlass org/pushingpixels/lafwidget/LafWidgetAdapter
instanceKlass org/pushingpixels/lafwidget/LafWidget
instanceKlass org/pushingpixels/lafwidget/Resettable
instanceKlass javax/swing/DefaultSingleSelectionModel
instanceKlass javax/swing/SingleSelectionModel
instanceKlass org/pushingpixels/substance/internal/utils/filters/AbstractFilter
instanceKlass java/awt/image/BufferedImageOp
instanceKlass java/awt/geom/LineIterator
instanceKlass sun/java2d/pipe/ShapeSpanIterator
instanceKlass sun/java2d/pipe/SpanIterator
instanceKlass org/pushingpixels/lafwidget/LafWidgetUtilities
instanceKlass java/awt/event/ComponentAdapter
instanceKlass java/awt/event/WindowAdapter
instanceKlass javax/swing/ActionMap
instanceKlass java/awt/event/KeyEvent$1
instanceKlass sun/awt/AWTAccessor$KeyEventAccessor
instanceKlass java/awt/VKCollection
instanceKlass javax/swing/InputMap
instanceKlass org/pushingpixels/substance/internal/ui/SubstanceRootPaneUI$2
instanceKlass java/awt/AWTEventMulticaster
instanceKlass java/awt/event/TextListener
instanceKlass java/awt/event/AdjustmentListener
instanceKlass java/awt/event/ItemListener
instanceKlass java/awt/event/WindowStateListener
instanceKlass java/awt/event/WindowFocusListener
instanceKlass java/awt/event/ContainerListener
instanceKlass org/pushingpixels/substance/internal/ui/SubstanceRootPaneUI$1
instanceKlass javax/swing/LayoutComparator
instanceKlass java/util/function/IntBinaryOperator
instanceKlass java/util/function/LongBinaryOperator
instanceKlass java/util/function/DoubleBinaryOperator
instanceKlass java/util/function/BinaryOperator
instanceKlass java/util/function/IntToDoubleFunction
instanceKlass java/util/function/IntToLongFunction
instanceKlass java/util/function/IntUnaryOperator
instanceKlass java/util/function/IntFunction
instanceKlass java/util/stream/LongStream
instanceKlass java/util/stream/DoubleStream
instanceKlass java/util/stream/Stream
instanceKlass java/util/stream/IntStream
instanceKlass java/util/stream/BaseStream
instanceKlass java/util/Spliterator$OfDouble
instanceKlass java/util/Spliterator$OfInt
instanceKlass java/util/Spliterator$OfLong
instanceKlass java/util/Spliterator$OfPrimitive
instanceKlass java/util/Spliterator
instanceKlass javax/swing/SortingFocusTraversalPolicy$1
instanceKlass javax/swing/RepaintManager$PaintManager
instanceKlass javax/swing/JRootPane$RootLayout
instanceKlass org/pushingpixels/substance/internal/painter/DecorationPainterUtils
instanceKlass javax/swing/event/MouseInputListener
instanceKlass java/awt/FlowLayout
instanceKlass java/awt/Window$WindowDisposerRecord
instanceKlass java/awt/BorderLayout
instanceKlass java/awt/LayoutManager2
instanceKlass java/awt/Cursor$1
instanceKlass sun/awt/AWTAccessor$CursorAccessor
instanceKlass java/awt/Component$3
instanceKlass com/jpexs/decompiler/flash/gui/Main$$Lambda$21
instanceKlass com/jpexs/decompiler/flash/gui/View$1$1
instanceKlass com/jpexs/decompiler/flash/gui/View$1
instanceKlass org/pushingpixels/substance/flamingo/common/ui/ActionPopupTransitionAwareUI
instanceKlass java/lang/invoke/LambdaForm$MH
instanceKlass java/lang/invoke/LambdaForm$DMH
instanceKlass sun/awt/image/ImageWatched$WeakLink$$Lambda$20
instanceKlass java/lang/invoke/LambdaForm$DMH
instanceKlass sun/awt/image/ImageDecoder
instanceKlass sun/awt/image/ImageFetcher$1
instanceKlass sun/awt/image/FetcherInfo
instanceKlass sun/awt/image/ImageConsumerQueue
instanceKlass sun/awt/image/ImageWatched$Link
instanceKlass sun/awt/image/ImageWatched
instanceKlass java/awt/image/ImageConsumer
instanceKlass sun/awt/image/InputStreamImageSource
instanceKlass sun/awt/image/ImageFetchable
instanceKlass java/awt/image/ImageProducer
instanceKlass com/jpexs/decompiler/flash/gui/OceanicSkin$2
instanceKlass com/jpexs/decompiler/flash/gui/OceanicSkin$1
instanceKlass org/pushingpixels/substance/api/SubstanceLookAndFeel$1
instanceKlass org/pushingpixels/lafwidget/LafWidgetRepository$LafWidgetClassInfo
instanceKlass javax/swing/ArrayTable
instanceKlass javax/swing/AbstractAction
instanceKlass com/sun/beans/util/Cache$CacheEntry
instanceKlass com/sun/beans/util/Cache
instanceKlass javax/swing/text/JTextComponent$1
instanceKlass sun/swing/SwingAccessor$JTextComponentAccessor
instanceKlass org/pushingpixels/lafwidget/LafWidgetRepository
instanceKlass org/pushingpixels/substance/internal/utils/SubstanceInternalButton
instanceKlass java/awt/event/WindowListener
instanceKlass org/pushingpixels/substance/internal/utils/icon/TransitionAwareIcon$Delegate
instanceKlass java/util/LinkedList$ListItr
instanceKlass org/pushingpixels/substance/internal/plugin/BasePlugin$4
instanceKlass org/pushingpixels/substance/internal/plugin/BasePlugin$3
instanceKlass javax/swing/UIDefaults$ProxyLazyValue
instanceKlass org/pushingpixels/substance/internal/plugin/BasePlugin$2
instanceKlass org/pushingpixels/substance/internal/plugin/BasePlugin$1
instanceKlass org/pushingpixels/substance/flamingo/ribbon/ui/SubstanceRibbonBandBorder
instanceKlass java/awt/MediaEntry
instanceKlass java/awt/MediaTracker
instanceKlass javax/accessibility/AccessibleContext
instanceKlass java/awt/event/InputMethodListener
instanceKlass java/awt/event/MouseWheelListener
instanceKlass java/awt/event/MouseMotionListener
instanceKlass java/awt/event/KeyListener
instanceKlass java/awt/event/HierarchyBoundsListener
instanceKlass java/awt/event/HierarchyListener
instanceKlass java/awt/event/FocusListener
instanceKlass java/awt/event/ComponentListener
instanceKlass java/awt/dnd/DropTarget
instanceKlass java/awt/dnd/DropTargetListener
instanceKlass java/awt/image/BufferStrategy
instanceKlass java/awt/Cursor
instanceKlass javax/swing/ImageIcon$2
instanceKlass javax/swing/ImageIcon$1
instanceKlass javax/swing/ImageIcon
instanceKlass sun/awt/image/MultiResolutionImage
instanceKlass java/awt/geom/Path2D$Iterator
instanceKlass java/awt/geom/PathIterator
instanceKlass sun/dc/pr/Rasterizer$ConsumerDisposer
instanceKlass sun/dc/pr/PathDasher$1
instanceKlass sun/dc/pr/PathDasher
instanceKlass sun/awt/geom/PathConsumer2D
instanceKlass sun/dc/pr/PathStroker$1
instanceKlass sun/dc/pr/PathStroker
instanceKlass sun/dc/pr/PathFiller$1
instanceKlass sun/dc/pr/PathFiller
instanceKlass sun/dc/path/PathConsumer
instanceKlass sun/dc/pr/Rasterizer
instanceKlass sun/java2d/pipe/AATileGenerator
instanceKlass java/awt/geom/Line2D
instanceKlass java/awt/image/BufferedImage$1
instanceKlass sun/java2d/cmm/CMSManager
instanceKlass java/awt/GraphicsConfiguration
instanceKlass sun/awt/image/SurfaceManager$ProxiedGraphicsConfig
instanceKlass sun/java2d/pipe/hw/AccelGraphicsConfig
instanceKlass sun/java2d/pipe/hw/BufferedContextProvider
instanceKlass sun/java2d/pipe/BufferedContext
instanceKlass sun/java2d/pipe/hw/ContextCapabilities
instanceKlass sun/java2d/d3d/D3DGraphicsDevice$1
instanceKlass sun/java2d/d3d/D3DGraphicsDevice$1Result
instanceKlass sun/java2d/d3d/D3DRenderQueue$1
instanceKlass sun/java2d/pipe/RenderBuffer
instanceKlass sun/java2d/pipe/RenderQueue
instanceKlass sun/misc/PerfCounter$WindowsClientCounters
instanceKlass java/awt/GraphicsDevice
instanceKlass org/pushingpixels/substance/internal/animation/TransitionAwareUI
instanceKlass org/pushingpixels/substance/internal/utils/SubstanceImageCreator
instanceKlass javax/swing/plaf/IconUIResource
instanceKlass org/pushingpixels/substance/flamingo/FlamingoPlugin
instanceKlass javax/swing/event/ChangeListener
instanceKlass org/pushingpixels/substance/internal/plugin/BasePlugin
instanceKlass org/pushingpixels/lafplugin/LafComponentPlugin
instanceKlass org/pushingpixels/lafplugin/LafPlugin
instanceKlass java/util/Vector$1
instanceKlass java/util/Collections$EmptyEnumeration
instanceKlass org/pushingpixels/lafplugin/XMLElement
instanceKlass org/pushingpixels/substance/internal/inputmaps/BaseInputMapSet$DesktopPaneActions
instanceKlass java/util/TreeMap$PrivateEntryIterator
instanceKlass org/pushingpixels/substance/api/inputmaps/SubstanceInputMap
instanceKlass sun/swing/UIAction
instanceKlass javax/swing/TransferHandler
instanceKlass org/pushingpixels/substance/internal/inputmaps/BaseInputMapSet
instanceKlass org/pushingpixels/substance/api/inputmaps/InputMapSet
instanceKlass org/pushingpixels/substance/api/inputmaps/SubstanceInputMapUtilities
instanceKlass org/pushingpixels/substance/internal/utils/SkinUtilities$31
instanceKlass org/pushingpixels/substance/internal/utils/SkinUtilities$30
instanceKlass org/pushingpixels/substance/internal/utils/border/SubstanceEtchedBorder
instanceKlass java/lang/StrictMath
instanceKlass org/pushingpixels/substance/api/painter/border/StandardBorderPainter
instanceKlass org/pushingpixels/substance/internal/utils/scroll/SubstanceScrollPaneBorder
instanceKlass org/pushingpixels/substance/internal/utils/icon/RadioButtonMenuItemIcon
instanceKlass org/pushingpixels/substance/internal/utils/SkinUtilities$29
instanceKlass org/pushingpixels/substance/internal/utils/SkinUtilities$28
instanceKlass org/pushingpixels/substance/internal/utils/SkinUtilities$27
instanceKlass org/pushingpixels/substance/internal/utils/SkinUtilities$26
instanceKlass org/pushingpixels/substance/internal/utils/border/SubstanceBorder
instanceKlass org/pushingpixels/substance/internal/utils/SkinUtilities$25
instanceKlass org/pushingpixels/substance/internal/utils/SkinUtilities$24
instanceKlass org/pushingpixels/substance/internal/utils/SkinUtilities$23
instanceKlass org/pushingpixels/substance/internal/utils/SkinUtilities$22
instanceKlass org/pushingpixels/substance/internal/utils/SkinUtilities$21
instanceKlass javax/swing/plaf/BorderUIResource
instanceKlass org/pushingpixels/substance/internal/utils/SkinUtilities$20
instanceKlass org/pushingpixels/substance/internal/utils/SkinUtilities$19
instanceKlass org/pushingpixels/substance/internal/utils/SkinUtilities$18
instanceKlass org/pushingpixels/substance/internal/utils/SkinUtilities$17
instanceKlass org/pushingpixels/substance/internal/utils/SkinUtilities$16
instanceKlass org/pushingpixels/substance/internal/utils/SkinUtilities$15
instanceKlass org/pushingpixels/substance/internal/utils/SkinUtilities$14
instanceKlass org/pushingpixels/substance/internal/utils/SkinUtilities$13
instanceKlass org/pushingpixels/substance/internal/utils/SkinUtilities$12
instanceKlass org/pushingpixels/substance/internal/utils/SkinUtilities$11
instanceKlass org/pushingpixels/substance/internal/utils/icon/CheckBoxMenuItemIcon
instanceKlass org/pushingpixels/substance/internal/utils/SkinUtilities$10
instanceKlass org/pushingpixels/substance/internal/utils/SkinUtilities$9
instanceKlass org/pushingpixels/substance/internal/utils/SkinUtilities$8
instanceKlass org/pushingpixels/substance/internal/utils/SkinUtilities$7
instanceKlass org/pushingpixels/substance/internal/utils/SkinUtilities$6
instanceKlass org/pushingpixels/substance/internal/utils/SkinUtilities$5
instanceKlass org/pushingpixels/substance/internal/utils/SkinUtilities$4
instanceKlass org/pushingpixels/substance/internal/utils/SkinUtilities$3
instanceKlass org/pushingpixels/substance/internal/utils/SubstanceColorUtilities
instanceKlass org/pushingpixels/substance/internal/utils/SkinUtilities$2
instanceKlass org/pushingpixels/substance/internal/utils/SkinUtilities$1
instanceKlass org/pushingpixels/substance/internal/utils/SkinUtilities
instanceKlass org/pushingpixels/substance/api/fonts/SubstanceFontUtilities$SubstanceFontSet
instanceKlass org/pushingpixels/substance/internal/fonts/FontSets$DefaultFontSet
instanceKlass org/pushingpixels/substance/internal/fonts/FontSets
instanceKlass sun/font/CMap
instanceKlass sun/font/TrueTypeFont$DirectoryEntry
instanceKlass java/nio/DirectByteBuffer$Deallocator
instanceKlass sun/nio/ch/Util$BufferCache
instanceKlass sun/nio/ch/Util$2
instanceKlass sun/nio/ch/Util
instanceKlass sun/nio/ch/IOStatus
instanceKlass java/nio/channels/spi/AbstractInterruptibleChannel$1
instanceKlass java/io/RandomAccessFile
instanceKlass sun/font/TrueTypeFont$1
instanceKlass sun/font/TrueTypeFont$TTDisposerRecord
instanceKlass sun/font/SunFontManager$5
instanceKlass sun/font/SunFontManager$FamilyDescription
instanceKlass sun/awt/Win32FontManager$2
instanceKlass sun/font/SunFontManager$3
instanceKlass sun/font/FontFamily
instanceKlass sun/font/Font2DHandle
instanceKlass sun/font/CompositeFontDescriptor
instanceKlass sun/awt/FontDescriptor
instanceKlass sun/awt/FontConfiguration
instanceKlass sun/font/SunFontManager$FontRegistrationInfo
instanceKlass sun/font/SunFontManager$2
instanceKlass sun/awt/Win32FontManager$1
instanceKlass sun/font/GlyphList
instanceKlass sun/font/StrikeCache$1
instanceKlass sun/font/StrikeCache
instanceKlass sun/font/FontStrike
instanceKlass sun/font/CharToGlyphMapper
instanceKlass sun/font/StrikeMetrics
instanceKlass sun/font/Font2D
instanceKlass sun/font/FontManagerNativeLibrary$1
instanceKlass sun/font/FontManagerNativeLibrary
instanceKlass sun/font/SunFontManager$1
instanceKlass sun/font/SunFontManager$T1Filter
instanceKlass sun/font/SunFontManager$TTFilter
instanceKlass sun/font/SunFontManager
instanceKlass sun/font/FontManagerForSGE
instanceKlass sun/font/FontManager
instanceKlass sun/java2d/FontSupport
instanceKlass sun/font/FontManagerFactory$1
instanceKlass sun/font/FontUtilities$1
instanceKlass sun/font/FontUtilities
instanceKlass sun/font/FontManagerFactory
instanceKlass java/util/Locale$LocaleNameGetter
instanceKlass org/pushingpixels/substance/internal/fonts/Fonts
instanceKlass org/pushingpixels/substance/api/fonts/FontSet
instanceKlass org/pushingpixels/substance/api/fonts/SubstanceFontUtilities$2
instanceKlass org/pushingpixels/substance/internal/fonts/FontPolicies$CustomSettingsPolicy
instanceKlass org/pushingpixels/substance/internal/fonts/DefaultGnomeFontPolicy
instanceKlass org/pushingpixels/substance/internal/utils/SubstanceSizeUtils
instanceKlass org/pushingpixels/substance/internal/fonts/FontPolicies$DefaultWindowsPolicy
instanceKlass org/pushingpixels/substance/internal/fonts/DefaultKDEFontPolicy
instanceKlass org/pushingpixels/substance/internal/fonts/FontPolicies$DefaultPlasticOnWindowsPolicy
instanceKlass org/pushingpixels/substance/internal/fonts/FontPolicies
instanceKlass org/pushingpixels/substance/api/fonts/SubstanceFontUtilities
instanceKlass org/pushingpixels/lafwidget/utils/LookUtils
instanceKlass javax/swing/PopupFactory
instanceKlass java/awt/MultipleGradientPaint
instanceKlass org/pushingpixels/substance/api/painter/fill/StandardFillPainter
instanceKlass org/pushingpixels/substance/api/painter/highlight/ClassicHighlightPainter
instanceKlass org/pushingpixels/substance/api/painter/border/CompositeBorderPainter
instanceKlass org/pushingpixels/substance/api/skin/OfficeBlue2007Skin$2
instanceKlass org/pushingpixels/substance/api/painter/border/DelegateFractionBasedBorderPainter
instanceKlass org/pushingpixels/substance/api/ColorSchemeSingleColorQuery$7
instanceKlass org/pushingpixels/substance/api/ColorSchemeSingleColorQuery$6
instanceKlass org/pushingpixels/substance/api/ColorSchemeSingleColorQuery$5
instanceKlass org/pushingpixels/substance/api/ColorSchemeSingleColorQuery$4
instanceKlass org/pushingpixels/substance/api/ColorSchemeSingleColorQuery$3
instanceKlass org/pushingpixels/substance/api/ColorSchemeSingleColorQuery$2
instanceKlass org/pushingpixels/substance/api/ColorSchemeSingleColorQuery$1
instanceKlass org/pushingpixels/substance/api/painter/FractionBasedPainter
instanceKlass org/pushingpixels/substance/internal/utils/LazyResettableHashMap
instanceKlass org/pushingpixels/substance/api/shaper/ClassicButtonShaper
instanceKlass org/pushingpixels/substance/api/shaper/RectangularButtonShaper
instanceKlass org/pushingpixels/substance/api/skin/OfficeBlue2007Skin$1
instanceKlass org/pushingpixels/substance/api/painter/overlay/BottomLineOverlayPainter
instanceKlass org/pushingpixels/substance/api/ComponentStateFacet
instanceKlass org/pushingpixels/substance/api/ComponentState
instanceKlass org/pushingpixels/substance/api/SubstanceSkin$ColorSchemes
instanceKlass org/pushingpixels/substance/api/colorscheme/DerivedColorsResolverDark
instanceKlass org/pushingpixels/substance/api/ColorSchemeAssociationKind
instanceKlass org/pushingpixels/substance/api/colorscheme/DerivedColorsResolverLight
instanceKlass org/pushingpixels/substance/api/colorscheme/BaseColorScheme
instanceKlass org/pushingpixels/substance/api/SubstanceColorSchemeBundle
instanceKlass org/pushingpixels/substance/internal/utils/SubstanceColorSchemeUtilities
instanceKlass org/pushingpixels/substance/api/SubstanceColorScheme
instanceKlass org/pushingpixels/substance/api/SchemeDerivedColors
instanceKlass org/pushingpixels/substance/api/SchemeBaseColors
instanceKlass javax/swing/event/ListDataListener
instanceKlass org/pushingpixels/substance/internal/utils/SubstanceCoreUtilities
instanceKlass org/pushingpixels/substance/api/DecorationAreaType
instanceKlass org/pushingpixels/substance/api/painter/highlight/SubstanceHighlightPainter
instanceKlass org/pushingpixels/substance/api/painter/decoration/SubstanceDecorationPainter
instanceKlass org/pushingpixels/substance/api/painter/border/SubstanceBorderPainter
instanceKlass org/pushingpixels/substance/api/ColorSchemeTransform
instanceKlass org/pushingpixels/substance/api/painter/fill/SubstanceFillPainter
instanceKlass org/pushingpixels/substance/api/shaper/SubstanceButtonShaper
instanceKlass org/pushingpixels/substance/api/painter/overlay/SubstanceOverlayPainter
instanceKlass org/pushingpixels/substance/api/ColorSchemeSingleColorQuery
instanceKlass com/sun/java/swing/plaf/windows/WindowsLookAndFeel$SkinIcon
instanceKlass javax/swing/BorderFactory
instanceKlass com/sun/java/swing/plaf/windows/WindowsLookAndFeel$1
instanceKlass java/util/EnumMap$1
instanceKlass com/sun/java/swing/plaf/windows/WindowsIconFactory$RadioButtonMenuItemIcon
instanceKlass javax/swing/plaf/basic/BasicIconFactory$CheckBoxMenuItemIcon
instanceKlass javax/swing/plaf/basic/BasicIconFactory$MenuItemCheckIcon
instanceKlass javax/swing/plaf/basic/BasicIconFactory
instanceKlass javax/swing/MenuElement
instanceKlass com/sun/java/swing/plaf/windows/WindowsIconFactory$VistaMenuItemCheckIconFactory$VistaMenuItemCheckIcon
instanceKlass com/sun/java/swing/plaf/windows/WindowsIconFactory$MenuItemCheckIcon
instanceKlass sun/swing/SwingLazyValue$1
instanceKlass com/sun/java/swing/plaf/windows/WindowsIconFactory$VistaMenuItemCheckIconFactory
instanceKlass sun/swing/MenuItemCheckIconFactory
instanceKlass com/sun/java/swing/plaf/windows/WindowsLookAndFeel$ActiveWindowsIcon
instanceKlass com/sun/java/swing/plaf/windows/WindowsIconFactory$FrameButtonIcon
instanceKlass com/sun/java/swing/plaf/windows/WindowsIconFactory
instanceKlass com/sun/java/swing/plaf/windows/WindowsLookAndFeel$LazyWindowsIcon
instanceKlass com/sun/java/swing/plaf/windows/XPStyle$Skin
instanceKlass com/sun/java/swing/plaf/windows/WindowsLookAndFeel$XPColorValue$XPColorValueKey
instanceKlass com/sun/java/swing/plaf/windows/WindowsLookAndFeel$XPValue
instanceKlass com/sun/java/swing/plaf/windows/DesktopProperty
instanceKlass com/sun/java/swing/plaf/windows/WindowsTreeUI$ExpandedIcon
instanceKlass java/awt/SystemColor$$Lambda$19
instanceKlass sun/awt/AWTAccessor$SystemColorAccessor
instanceKlass java/lang/invoke/LambdaForm$DMH
instanceKlass java/lang/invoke/LambdaForm$DMH
instanceKlass com/sun/java/swing/plaf/windows/WindowsRootPaneUI$AltProcessor
instanceKlass sun/swing/ImageCache
instanceKlass sun/swing/CachedPainter
instanceKlass com/sun/java/swing/plaf/windows/XPStyle
instanceKlass javax/swing/plaf/basic/BasicHTML
instanceKlass com/sun/java/swing/SwingUtilities3
instanceKlass javax/swing/RepaintManager$ProcessingRunnable
instanceKlass javax/swing/plaf/metal/DefaultMetalTheme$FontDelegate$1
instanceKlass sun/reflect/misc/Trampoline
instanceKlass sun/reflect/misc/MethodUtil$1
instanceKlass javax/swing/plaf/ComponentUI
instanceKlass sun/util/ResourceBundleEnumeration
instanceKlass javax/swing/event/EventListenerList
instanceKlass java/awt/ComponentOrientation
instanceKlass javax/swing/JComponent$1
instanceKlass javax/swing/UIManager$2
instanceKlass sun/awt/KeyboardFocusManagerPeerImpl
instanceKlass java/awt/peer/KeyboardFocusManagerPeer
instanceKlass java/awt/FocusTraversalPolicy
instanceKlass java/awt/DefaultKeyboardFocusManager$1
instanceKlass sun/awt/AWTAccessor$DefaultKeyboardFocusManagerAccessor
instanceKlass java/awt/KeyboardFocusManager$1
instanceKlass sun/awt/AWTAccessor$KeyboardFocusManagerAccessor
instanceKlass sun/awt/PaintEventDispatcher
instanceKlass sun/swing/SwingAccessor
instanceKlass javax/swing/RepaintManager$1
instanceKlass sun/swing/SwingAccessor$RepaintManagerAccessor
instanceKlass javax/swing/RepaintManager$DisplayChangedHandler
instanceKlass javax/swing/RepaintManager
instanceKlass javax/swing/plaf/metal/OceanTheme$6
instanceKlass javax/swing/plaf/metal/OceanTheme$5
instanceKlass javax/swing/plaf/metal/OceanTheme$4
instanceKlass javax/swing/plaf/metal/OceanTheme$3
instanceKlass javax/swing/plaf/metal/OceanTheme$2
instanceKlass javax/swing/plaf/metal/OceanTheme$1
instanceKlass java/util/EventListenerProxy
instanceKlass sun/swing/SwingUtilities2$AATextInfo
instanceKlass javax/swing/plaf/metal/MetalLookAndFeel$$Lambda$18
instanceKlass javax/swing/plaf/metal/MetalLookAndFeel$$Lambda$17
instanceKlass javax/swing/plaf/metal/MetalLookAndFeel$$Lambda$16
instanceKlass javax/swing/plaf/metal/MetalLookAndFeel$$Lambda$15
instanceKlass javax/swing/plaf/metal/MetalLookAndFeel$$Lambda$14
instanceKlass javax/swing/plaf/metal/MetalLookAndFeel$FontActiveValue
instanceKlass javax/swing/plaf/metal/MetalLookAndFeel$$Lambda$13
instanceKlass javax/swing/plaf/metal/MetalLookAndFeel$$Lambda$12
instanceKlass javax/swing/UIDefaults$LazyInputMap
instanceKlass javax/swing/plaf/basic/BasicLookAndFeel$2
instanceKlass sun/swing/SwingUtilities2$2
instanceKlass javax/swing/border/AbstractBorder
instanceKlass javax/swing/border/Border
instanceKlass javax/swing/UIDefaults$ActiveValue
instanceKlass sun/swing/SwingLazyValue
instanceKlass javax/swing/UIDefaults$LazyValue
instanceKlass javax/swing/plaf/metal/DefaultMetalTheme$FontDelegate
instanceKlass javax/swing/plaf/UIResource
instanceKlass javax/swing/plaf/metal/MetalTheme
instanceKlass sun/swing/DefaultLookup
instanceKlass javax/swing/UIManager$1
instanceKlass javax/swing/UIManager$LAFState
instanceKlass sun/swing/SwingUtilities2$LSBCacheEntry
instanceKlass sun/swing/StringUIClientPropertyKey
instanceKlass sun/swing/UIClientPropertyKey
instanceKlass java/awt/font/FontRenderContext
instanceKlass sun/swing/SwingUtilities2
instanceKlass java/util/IdentityHashMap$IdentityHashMapIterator
instanceKlass java/awt/Toolkit$DesktopPropertyChangeSupport$1
instanceKlass java/awt/RenderingHints
instanceKlass sun/awt/windows/WDesktopProperties$WinPlaySound
instanceKlass java/util/concurrent/locks/ReentrantReadWriteLock$WriteLock
instanceKlass java/util/concurrent/locks/ReentrantReadWriteLock$ReadLock
instanceKlass sun/nio/ch/Interruptible
instanceKlass java/util/concurrent/locks/ReentrantReadWriteLock
instanceKlass java/util/concurrent/locks/ReadWriteLock
instanceKlass sun/awt/windows/ThemeReader
instanceKlass sun/awt/windows/WDesktopProperties
instanceKlass sun/awt/OSInfo$1
instanceKlass sun/awt/OSInfo$WindowsVersion
instanceKlass sun/awt/OSInfo
instanceKlass javax/swing/UIManager$LookAndFeelInfo
instanceKlass javax/swing/UIManager
instanceKlass org/pushingpixels/substance/api/SubstanceSkin
instanceKlass org/pushingpixels/substance/api/trait/SubstanceTrait
instanceKlass java/awt/KeyboardFocusManager
instanceKlass java/awt/KeyEventPostProcessor
instanceKlass java/awt/KeyEventDispatcher
instanceKlass org/pushingpixels/lafplugin/PluginManager
instanceKlass org/pushingpixels/trident/ease/LengthItem
instanceKlass org/pushingpixels/trident/ease/Spline$FloatPoint
instanceKlass org/pushingpixels/trident/ease/Spline
instanceKlass org/pushingpixels/trident/ease/TimelineEase
instanceKlass org/pushingpixels/lafwidget/animation/AnimationConfigurationManager
instanceKlass org/pushingpixels/lafwidget/animation/AnimationFacet
instanceKlass org/pushingpixels/lafwidget/LafWidgetSupport
instanceKlass java/awt/TrayIcon
instanceKlass java/awt/MenuComponent
instanceKlass java/awt/EventQueue$3
instanceKlass sun/awt/dnd/SunDragSourceContextPeer
instanceKlass java/awt/dnd/peer/DragSourceContextPeer
instanceKlass sun/awt/EventQueueDelegate
instanceKlass java/awt/ModalEventFilter
instanceKlass java/awt/EventDispatchThread$HierarchyEventFilter
instanceKlass java/awt/EventFilter
instanceKlass java/awt/EventDispatchThread$1
instanceKlass java/awt/Conditional
instanceKlass sun/awt/EventQueueItem
instanceKlass java/awt/EventQueue$5
instanceKlass java/awt/event/InvocationEvent$1
instanceKlass sun/awt/AWTAccessor$InvocationEventAccessor
instanceKlass java/awt/ActiveEvent
instanceKlass java/awt/EventQueue$1AWTInvocationLock
instanceKlass sun/awt/windows/WToolkit$$Lambda$11
instanceKlass java/lang/invoke/LambdaForm$DMH
instanceKlass sun/awt/windows/WToolkit$$Lambda$10
instanceKlass sun/awt/windows/WToolkit$$Lambda$9
instanceKlass sun/awt/windows/WToolkit$$Lambda$8
instanceKlass sun/awt/AWTAutoShutdown
instanceKlass sun/awt/windows/WToolkit$ToolkitDisposer
instanceKlass sun/awt/SunToolkit$ModalityListenerList
instanceKlass sun/awt/ModalityListener
instanceKlass java/beans/PropertyChangeListener
instanceKlass java/beans/ChangeListenerMap
instanceKlass java/beans/PropertyChangeSupport
instanceKlass java/awt/Toolkit$2
instanceKlass javax/swing/SwingUtilities
instanceKlass java/awt/AWTKeyStroke$1
instanceKlass sun/awt/PostEventQueue
instanceKlass sun/awt/MostRecentKeyValue
instanceKlass java/awt/Queue
instanceKlass java/awt/EventQueue$2
instanceKlass sun/awt/AWTAccessor$EventQueueAccessor
instanceKlass java/awt/EventQueue$1
instanceKlass java/awt/EventQueue
instanceKlass sun/awt/AppContext$1
instanceKlass sun/awt/AppContext$2
instanceKlass sun/awt/AppContext$3
instanceKlass sun/awt/AppContext$6
instanceKlass sun/misc/JavaAWTAccess
instanceKlass sun/awt/AppContext$GetAppContextLock
instanceKlass sun/awt/AppContext
instanceKlass java/awt/AWTKeyStroke
instanceKlass java/awt/TexturePaint
instanceKlass sun/java2d/loops/GraphicsPrimitiveMgr$PrimitiveSpec
instanceKlass sun/java2d/loops/GraphicsPrimitiveMgr$2
instanceKlass sun/java2d/loops/GraphicsPrimitiveMgr$1
instanceKlass sun/java2d/loops/GeneralRenderer
instanceKlass sun/java2d/loops/CustomComponent
instanceKlass sun/awt/SunHints$Value
instanceKlass java/awt/RenderingHints$Key
instanceKlass sun/java2d/pipe/ValidatePipe
instanceKlass sun/misc/PerformanceLogger$TimeData
instanceKlass sun/misc/PerformanceLogger
instanceKlass java/awt/BasicStroke
instanceKlass java/awt/Stroke
instanceKlass sun/awt/SunHints
instanceKlass java/awt/geom/Path2D
instanceKlass java/awt/AlphaComposite
instanceKlass sun/java2d/loops/XORComposite
instanceKlass java/awt/Composite
instanceKlass java/awt/Graphics
instanceKlass sun/awt/ConstrainableGraphics
instanceKlass sun/java2d/loops/GraphicsPrimitiveMgr
instanceKlass sun/java2d/loops/GraphicsPrimitive
instanceKlass sun/java2d/loops/CompositeType
instanceKlass sun/java2d/DefaultDisposerRecord
instanceKlass sun/java2d/DisposerRecord
instanceKlass sun/misc/ThreadGroupUtils
instanceKlass sun/java2d/Disposer$$Lambda$7
instanceKlass sun/java2d/Disposer$1
instanceKlass sun/java2d/Disposer
instanceKlass sun/java2d/loops/RenderLoops
instanceKlass sun/awt/image/BufImgSurfaceData$ICMColorData
instanceKlass sun/misc/FloatingDecimal$ASCIIToBinaryBuffer
instanceKlass sun/java2d/SunGraphicsEnvironment$1
instanceKlass sun/awt/SunDisplayChanger
instanceKlass sun/java2d/SurfaceManagerFactory
instanceKlass sun/java2d/windows/WindowsFlags$1
instanceKlass sun/java2d/windows/WindowsFlags
instanceKlass sun/awt/windows/WToolkit$2
instanceKlass sun/java2d/DestSurfaceProvider
instanceKlass sun/java2d/loops/RenderCache$Entry
instanceKlass sun/java2d/loops/RenderCache
instanceKlass sun/java2d/pipe/DrawImage
instanceKlass sun/java2d/pipe/GeneralCompositePipe
instanceKlass sun/java2d/pipe/SpanShapeRenderer
instanceKlass sun/java2d/pipe/AlphaPaintPipe
instanceKlass sun/java2d/pipe/AAShapePipe
instanceKlass sun/java2d/pipe/RegionIterator
instanceKlass sun/java2d/pipe/Region
instanceKlass sun/java2d/pipe/SpanClipRenderer
instanceKlass sun/java2d/pipe/PixelToShapeConverter
instanceKlass sun/java2d/pipe/AlphaColorPipe
instanceKlass sun/java2d/pipe/CompositePipe
instanceKlass sun/java2d/pipe/GlyphListPipe
instanceKlass sun/java2d/pipe/OutlineTextRenderer
instanceKlass sun/java2d/pipe/RenderingEngine$1
instanceKlass sun/java2d/pipe/RenderingEngine
instanceKlass sun/java2d/pipe/LoopPipe
instanceKlass sun/java2d/pipe/LoopBasedPipe
instanceKlass sun/java2d/pipe/ParallelogramPipe
instanceKlass sun/java2d/pipe/NullPipe
instanceKlass sun/java2d/pipe/DrawImagePipe
instanceKlass sun/java2d/pipe/TextPipe
instanceKlass sun/java2d/pipe/ShapeDrawPipe
instanceKlass sun/java2d/pipe/PixelFillPipe
instanceKlass sun/java2d/pipe/PixelDrawPipe
instanceKlass sun/awt/image/PixelConverter
instanceKlass sun/java2d/loops/SurfaceType
instanceKlass sun/java2d/SurfaceData
instanceKlass sun/java2d/Surface
instanceKlass sun/java2d/DisposerTarget
instanceKlass sun/awt/windows/WToolkit$1
instanceKlass java/util/Collections$SynchronizedMap
instanceKlass java/util/concurrent/locks/AbstractQueuedSynchronizer$ConditionObject
instanceKlass java/util/concurrent/locks/Condition
instanceKlass sun/awt/KeyboardFocusManagerPeerProvider
instanceKlass sun/awt/InputMethodSupport
instanceKlass sun/awt/ComponentFactory
instanceKlass sun/awt/WindowClosingListener
instanceKlass sun/awt/WindowClosingSupport
instanceKlass sun/awt/DisplayChangedListener
instanceKlass sun/awt/image/NativeLibLoader$1
instanceKlass sun/awt/image/NativeLibLoader
instanceKlass java/awt/image/SampleModel
instanceKlass java/awt/geom/Point2D
instanceKlass sun/java2d/StateTrackableDelegate$2
instanceKlass sun/java2d/StateTrackableDelegate
instanceKlass sun/java2d/StateTrackable
instanceKlass java/awt/image/DataBuffer$1
instanceKlass sun/awt/image/SunWritableRaster$DataStealer
instanceKlass java/awt/image/DataBuffer
instanceKlass java/awt/image/Raster
instanceKlass java/awt/color/ICC_Profile$1
instanceKlass sun/java2d/cmm/ProfileActivator
instanceKlass sun/java2d/cmm/ProfileDeferralMgr
instanceKlass java/awt/color/ICC_Profile
instanceKlass java/awt/color/ColorSpace
instanceKlass java/awt/image/ColorModel$1
instanceKlass java/awt/image/ColorModel
instanceKlass sun/awt/image/SurfaceManager
instanceKlass sun/awt/image/SurfaceManager$ImageAccessor
instanceKlass java/awt/ImageCapabilities
instanceKlass java/awt/Color
instanceKlass java/awt/Paint
instanceKlass javax/swing/Action
instanceKlass org/pushingpixels/substance/api/fonts/FontPolicy
instanceKlass javax/swing/LookAndFeel
instanceKlass java/awt/geom/RectangularShape
instanceKlass com/jpexs/decompiler/flash/gui/View
instanceKlass java/lang/invoke/LambdaForm$MH
instanceKlass com/jpexs/decompiler/flash/gui/Main$$Lambda$6
instanceKlass com/jpexs/decompiler/flash/console/CommandLineArgumentParser$Range
instanceKlass com/jpexs/decompiler/flash/console/CommandLineArgumentParser$Selection
instanceKlass com/jpexs/decompiler/flash/gui/SearchInMemoryListener
instanceKlass com/jpexs/decompiler/flash/tags/base/CharacterIdTag
instanceKlass com/jpexs/decompiler/flash/tags/Tag
instanceKlass com/jpexs/decompiler/flash/tags/base/Exportable
instanceKlass com/jpexs/decompiler/flash/tags/base/NeedsCharacters
instanceKlass com/jpexs/decompiler/flash/abc/avm2/parser/pcode/MissingSymbolHandler
instanceKlass com/jpexs/decompiler/flash/tags/base/TextImportErrorHandler
instanceKlass com/jpexs/decompiler/flash/AbortRetryIgnoreHandler
instanceKlass com/jpexs/decompiler/flash/console/CommandLineArgumentParser$SwfAction
instanceKlass com/jpexs/decompiler/flash/console/CommandLineArgumentParser
instanceKlass com/jpexs/helpers/Cache
instanceKlass com/jpexs/decompiler/flash/helpers/Freed
instanceKlass java/util/Formatter$Conversion
instanceKlass java/util/Formatter$Flags
instanceKlass java/util/Formatter$FormatSpecifier
instanceKlass java/util/Formatter$FormatString
instanceKlass java/util/Formatter
instanceKlass java/awt/Shape
instanceKlass com/jpexs/helpers/Helper
instanceKlass sun/util/locale/InternalLocaleBuilder$CaseInsensitiveChar
instanceKlass sun/util/locale/InternalLocaleBuilder
instanceKlass sun/util/locale/StringTokenIterator
instanceKlass sun/util/locale/ParseStatus
instanceKlass com/jpexs/decompiler/flash/ApplicationInfo
instanceKlass java/text/DontCareFieldPosition$1
instanceKlass java/text/Format$FieldDelegate
instanceKlass java/awt/Frame$1
instanceKlass sun/awt/AWTAccessor$FrameAccessor
instanceKlass java/awt/Window$1
instanceKlass sun/awt/AWTAccessor$WindowAccessor
instanceKlass java/awt/Container$1
instanceKlass sun/awt/AWTAccessor$ContainerAccessor
instanceKlass java/awt/geom/Dimension2D
instanceKlass java/awt/LightweightDispatcher
instanceKlass java/awt/event/AWTEventListener
instanceKlass java/awt/Component$DummyRequestFocusController
instanceKlass sun/awt/RequestFocusController
instanceKlass java/awt/Component$1
instanceKlass sun/awt/AWTAccessor$ComponentAccessor
instanceKlass sun/font/AttributeValues
instanceKlass java/awt/geom/AffineTransform
instanceKlass sun/font/FontAccess
instanceKlass java/awt/Font
instanceKlass sun/awt/windows/WObjectPeer
instanceKlass java/awt/dnd/peer/DropTargetPeer
instanceKlass java/awt/peer/ComponentPeer
instanceKlass java/awt/event/InputEvent$1
instanceKlass sun/awt/AWTAccessor$InputEventAccessor
instanceKlass java/awt/event/NativeLibLoader$1
instanceKlass java/awt/event/NativeLibLoader
instanceKlass java/awt/AWTEvent$1
instanceKlass sun/awt/AWTAccessor$AWTEventAccessor
instanceKlass java/util/EventObject
instanceKlass java/awt/Insets
instanceKlass java/awt/Toolkit$1
instanceKlass java/awt/Toolkit$3
instanceKlass java/awt/Toolkit$5
instanceKlass sun/awt/AWTAccessor
instanceKlass java/awt/Toolkit$4
instanceKlass sun/awt/AWTAccessor$ToolkitAccessor
instanceKlass java/awt/Toolkit
instanceKlass java/awt/Component$AWTTreeLock
instanceKlass java/util/logging/Logger$1
instanceKlass javax/swing/Icon
instanceKlass javax/swing/Scrollable
instanceKlass javax/swing/ScrollPaneConstants
instanceKlass javax/swing/SwingConstants
instanceKlass java/awt/ItemSelectable
instanceKlass java/awt/LayoutManager
instanceKlass java/awt/GraphicsEnvironment$$Lambda$5
instanceKlass java/awt/GraphicsEnvironment
instanceKlass com/jpexs/decompiler/flash/gui/Main$23
instanceKlass sun/nio/ch/FileKey
instanceKlass sun/nio/ch/FileLockTable
instanceKlass sun/nio/ch/NativeThread
instanceKlass java/nio/channels/FileLock
instanceKlass sun/nio/ch/FileDispatcherImpl$1
instanceKlass sun/nio/ch/NativeDispatcher
instanceKlass sun/nio/ch/NativeThreadSet
instanceKlass java/net/Inet6Address$Inet6AddressHolder
instanceKlass java/net/InetAddress$2
instanceKlass sun/net/spi/nameservice/NameService
instanceKlass java/net/Inet4AddressImpl
instanceKlass java/net/InetAddressImpl
instanceKlass java/net/InetAddressImplFactory
instanceKlass java/net/InetAddress$Cache
instanceKlass java/net/InetAddress$InetAddressHolder
instanceKlass java/net/InetAddress$1
instanceKlass java/net/InetAddress
instanceKlass sun/nio/ch/IOUtil$1
instanceKlass sun/nio/ch/IOUtil
instanceKlass sun/nio/fs/NativeBuffer$Deallocator
instanceKlass sun/nio/fs/NativeBuffer
instanceKlass sun/nio/fs/NativeBuffers
instanceKlass sun/nio/fs/WindowsNativeDispatcher$BackupResult
instanceKlass sun/nio/fs/WindowsNativeDispatcher$CompletionStatus
instanceKlass sun/nio/fs/WindowsNativeDispatcher$AclInformation
instanceKlass sun/nio/fs/WindowsNativeDispatcher$Account
instanceKlass sun/nio/fs/WindowsNativeDispatcher$DiskFreeSpace
instanceKlass sun/nio/fs/WindowsNativeDispatcher$VolumeInformation
instanceKlass sun/nio/fs/WindowsNativeDispatcher$FirstStream
instanceKlass sun/nio/fs/WindowsNativeDispatcher$FirstFile
instanceKlass sun/nio/fs/WindowsNativeDispatcher$1
instanceKlass sun/nio/fs/WindowsNativeDispatcher
instanceKlass sun/nio/fs/WindowsChannelFactory$2
instanceKlass sun/nio/fs/WindowsChannelFactory$Flags
instanceKlass sun/nio/fs/WindowsChannelFactory$1
instanceKlass sun/nio/fs/WindowsChannelFactory
instanceKlass sun/nio/fs/WindowsSecurityDescriptor
instanceKlass java/nio/file/attribute/FileAttribute
instanceKlass java/nio/channels/spi/AbstractInterruptibleChannel
instanceKlass java/nio/channels/InterruptibleChannel
instanceKlass java/nio/channels/ScatteringByteChannel
instanceKlass java/nio/channels/GatheringByteChannel
instanceKlass java/nio/channels/SeekableByteChannel
instanceKlass java/nio/channels/ByteChannel
instanceKlass java/nio/channels/WritableByteChannel
instanceKlass java/nio/channels/ReadableByteChannel
instanceKlass java/nio/channels/Channel
instanceKlass java/nio/file/OpenOption
instanceKlass sun/nio/fs/AbstractPath
instanceKlass sun/nio/fs/Util
instanceKlass sun/nio/fs/WindowsPathParser$Result
instanceKlass sun/nio/fs/WindowsPathParser
instanceKlass java/nio/file/FileSystem
instanceKlass java/nio/file/spi/FileSystemProvider
instanceKlass sun/nio/fs/DefaultFileSystemProvider
instanceKlass java/nio/file/FileSystems$DefaultFileSystemHolder$1
instanceKlass java/nio/file/FileSystems$DefaultFileSystemHolder
instanceKlass java/nio/file/FileSystems
instanceKlass java/nio/file/Paths
instanceKlass java/util/logging/FileHandler$$Lambda$4
instanceKlass java/text/DigitList
instanceKlass java/text/FieldPosition
instanceKlass java/util/Currency$CurrencyNameGetter
instanceKlass java/util/Currency$1
instanceKlass java/util/Currency
instanceKlass java/text/DecimalFormatSymbols
instanceKlass java/util/concurrent/atomic/AtomicMarkableReference$Pair
instanceKlass java/util/concurrent/atomic/AtomicMarkableReference
instanceKlass java/text/DateFormatSymbols
instanceKlass java/util/Calendar$Builder
instanceKlass java/text/AttributedCharacterIterator$Attribute
instanceKlass java/text/Format
instanceKlass sun/util/logging/LoggingSupport$2
instanceKlass java/util/logging/ErrorManager
instanceKlass sun/net/www/protocol/jar/JarFileFactory
instanceKlass sun/net/www/protocol/jar/URLJarFile$URLJarFileCloseController
instanceKlass java/net/URLClassLoader$2
instanceKlass java/util/ResourceBundle$Control$1
instanceKlass com/jpexs/decompiler/flash/gui/AppStrings
instanceKlass com/jpexs/helpers/Path
instanceKlass java/net/URI$Parser
instanceKlass java/net/URI
instanceKlass sun/reflect/generics/tree/TypeVariableSignature
instanceKlass sun/reflect/generics/reflectiveObjects/LazyReflectiveObjectGenerator
instanceKlass java/lang/reflect/TypeVariable
instanceKlass sun/reflect/generics/tree/ClassSignature
instanceKlass sun/reflect/generics/tree/Signature
instanceKlass sun/reflect/generics/tree/FormalTypeParameter
instanceKlass sun/reflect/generics/reflectiveObjects/ParameterizedTypeImpl
instanceKlass java/lang/reflect/ParameterizedType
instanceKlass java/util/Date
instanceKlass sun/util/calendar/CalendarUtils
instanceKlass sun/util/calendar/CalendarDate
instanceKlass sun/util/locale/LanguageTag
instanceKlass java/util/LinkedList$Node
instanceKlass java/util/ResourceBundle$CacheKeyReference
instanceKlass java/util/ResourceBundle$CacheKey
instanceKlass java/util/ResourceBundle$RBClassLoader$1
instanceKlass java/util/spi/ResourceBundleControlProvider
instanceKlass java/util/ResourceBundle
instanceKlass java/util/ResourceBundle$Control
instanceKlass sun/util/resources/LocaleData$1
instanceKlass sun/util/resources/LocaleData
instanceKlass sun/util/locale/provider/LocaleResources
instanceKlass sun/util/locale/provider/CalendarDataUtility$CalendarWeekParameterGetter
instanceKlass sun/util/locale/provider/LocaleServiceProviderPool$LocalizedObjectGetter
instanceKlass java/net/URLClassLoader$3$1
instanceKlass sun/misc/CompoundEnumeration
instanceKlass java/net/URLClassLoader$3
instanceKlass sun/misc/URLClassPath$1
instanceKlass java/lang/ClassLoader$2
instanceKlass sun/misc/URLClassPath$2
instanceKlass sun/misc/Launcher$BootClassPathHolder$1
instanceKlass sun/misc/Launcher$BootClassPathHolder
instanceKlass java/util/ServiceLoader$1
instanceKlass java/util/ServiceLoader$LazyIterator
instanceKlass java/util/ServiceLoader
instanceKlass sun/util/locale/provider/SPILocaleProviderAdapter$1
instanceKlass sun/util/locale/provider/JRELocaleProviderAdapter$1
instanceKlass sun/util/locale/provider/LocaleDataMetaInfo
instanceKlass sun/util/locale/provider/AvailableLanguageTags
instanceKlass sun/util/locale/provider/LocaleProviderAdapter$1
instanceKlass sun/util/locale/provider/ResourceBundleBasedAdapter
instanceKlass sun/util/locale/provider/LocaleProviderAdapter
instanceKlass sun/util/locale/provider/LocaleServiceProviderPool
instanceKlass java/util/spi/LocaleServiceProvider
instanceKlass sun/util/locale/provider/CalendarDataUtility
instanceKlass java/util/Locale$1
instanceKlass java/util/TimeZone$1
instanceKlass java/util/zip/CRC32
instanceKlass java/util/zip/Checksum
instanceKlass sun/util/calendar/ZoneInfoFile$ZoneOffsetTransitionRule
instanceKlass sun/util/calendar/ZoneInfoFile$1
instanceKlass sun/util/calendar/ZoneInfoFile
instanceKlass java/util/TimeZone
instanceKlass sun/util/calendar/CalendarSystem
instanceKlass java/util/Calendar
instanceKlass com/jpexs/decompiler/flash/configuration/ConfigurationFile
instanceKlass com/jpexs/decompiler/flash/configuration/ConfigurationDefaultDouble
instanceKlass com/jpexs/decompiler/flash/configuration/ConfigurationDefaultCalendar
instanceKlass com/jpexs/decompiler/flash/configuration/ConfigurationDirectory
instanceKlass com/jpexs/decompiler/flash/configuration/ConfigurationDefaultString
instanceKlass com/jpexs/decompiler/flash/configuration/ConfigurationInternal
instanceKlass com/jpexs/decompiler/flash/configuration/ConfigurationDefaultInt
instanceKlass com/jpexs/decompiler/flash/configuration/ConfigurationCategory
instanceKlass java/lang/annotation/Target
instanceKlass java/lang/reflect/WeakCache$Value
instanceKlass sun/misc/ProxyGenerator$ExceptionTableEntry
instanceKlass sun/misc/ProxyGenerator$PrimitiveTypeInfo
instanceKlass sun/misc/ProxyGenerator$FieldInfo
instanceKlass sun/misc/ProxyGenerator$ConstantPool$Entry
instanceKlass sun/misc/ProxyGenerator$MethodInfo
instanceKlass sun/misc/ProxyGenerator$ProxyMethod
instanceKlass sun/misc/ProxyGenerator$ConstantPool
instanceKlass sun/misc/ProxyGenerator
instanceKlass java/lang/reflect/WeakCache$Factory
instanceKlass java/util/function/Supplier
instanceKlass sun/reflect/annotation/AnnotationInvocationHandler
instanceKlass sun/reflect/annotation/AnnotationParser$1
instanceKlass sun/reflect/annotation/ExceptionProxy
instanceKlass java/lang/Class$4
instanceKlass java/lang/annotation/Inherited
instanceKlass java/lang/annotation/Retention
instanceKlass sun/reflect/annotation/AnnotationType$1
instanceKlass java/lang/reflect/GenericArrayType
instanceKlass com/jpexs/decompiler/flash/configuration/ConfigurationDefaultBoolean
instanceKlass sun/reflect/generics/visitor/Reifier
instanceKlass sun/reflect/generics/visitor/TypeTreeVisitor
instanceKlass sun/reflect/generics/factory/CoreReflectionFactory
instanceKlass sun/reflect/generics/factory/GenericsFactory
instanceKlass sun/reflect/generics/scope/AbstractScope
instanceKlass sun/reflect/generics/scope/Scope
instanceKlass sun/reflect/generics/tree/ClassTypeSignature
instanceKlass sun/reflect/generics/tree/SimpleClassTypeSignature
instanceKlass sun/reflect/generics/tree/FieldTypeSignature
instanceKlass sun/reflect/generics/tree/BaseType
instanceKlass sun/reflect/generics/tree/TypeSignature
instanceKlass sun/reflect/generics/tree/ReturnType
instanceKlass sun/reflect/generics/tree/TypeArgument
instanceKlass sun/reflect/generics/tree/TypeTree
instanceKlass sun/reflect/generics/tree/Tree
instanceKlass sun/reflect/generics/parser/SignatureParser
instanceKlass sun/reflect/annotation/AnnotationParser
instanceKlass com/jpexs/decompiler/flash/configuration/ConfigurationName
instanceKlass com/jpexs/decompiler/flash/configuration/ConfigurationItem
instanceKlass sun/security/provider/ByteArrayAccess
instanceKlass sun/security/util/MessageDigestSpi2
instanceKlass sun/security/jca/GetInstance$Instance
instanceKlass java/util/Collections$EmptyIterator
instanceKlass java/util/LinkedHashMap$LinkedHashIterator
instanceKlass java/security/Provider$UString
instanceKlass java/security/Provider$Service
instanceKlass sun/security/provider/NativePRNG$NonBlocking
instanceKlass sun/security/provider/NativePRNG$Blocking
instanceKlass sun/security/provider/NativePRNG
instanceKlass sun/security/provider/SunEntries$1
instanceKlass sun/security/provider/SunEntries
instanceKlass sun/security/jca/ProviderConfig$2
instanceKlass sun/security/jca/ProviderList$2
instanceKlass sun/misc/FDBigInteger
instanceKlass sun/misc/FloatingDecimal$PreparedASCIIToBinaryBuffer
instanceKlass sun/misc/FloatingDecimal$ASCIIToBinaryConverter
instanceKlass sun/misc/FloatingDecimal$BinaryToASCIIBuffer
instanceKlass sun/misc/FloatingDecimal$ExceptionalBinaryToASCIIBuffer
instanceKlass sun/misc/FloatingDecimal$BinaryToASCIIConverter
instanceKlass sun/misc/FloatingDecimal
instanceKlass java/security/Provider$EngineDescription
instanceKlass java/security/Provider$ServiceKey
instanceKlass sun/security/jca/ProviderConfig
instanceKlass sun/security/jca/ProviderList
instanceKlass sun/security/jca/Providers
instanceKlass sun/security/jca/GetInstance
instanceKlass java/security/MessageDigestSpi
instanceKlass java/io/ObjectStreamClass$6
instanceKlass java/io/ObjectStreamClass$5
instanceKlass java/util/TimSort
instanceKlass java/io/ObjectStreamClass$4
instanceKlass java/io/ObjectStreamClass$MemberSignature
instanceKlass java/io/ObjectStreamClass$2
instanceKlass com/jpexs/decompiler/flash/configuration/SwfSpecificConfiguration
instanceKlass java/io/SerialCallbackContext
instanceKlass java/io/ObjectStreamClass$ClassDataSlot
instanceKlass java/io/ObjectStreamClass$FieldReflector
instanceKlass java/util/function/BiConsumer
instanceKlass java/io/ObjectOutput
instanceKlass java/io/DataOutput
instanceKlass sun/reflect/ClassDefiner$1
instanceKlass sun/reflect/ClassDefiner
instanceKlass sun/reflect/MethodAccessorGenerator$1
instanceKlass sun/reflect/Label$PatchInfo
instanceKlass sun/reflect/Label
instanceKlass sun/reflect/UTF8
instanceKlass sun/reflect/ClassFileAssembler
instanceKlass sun/reflect/ByteVectorImpl
instanceKlass sun/reflect/ByteVector
instanceKlass sun/reflect/ByteVectorFactory
instanceKlass sun/reflect/AccessorGenerator
instanceKlass sun/reflect/ClassFileConstants
instanceKlass java/util/ComparableTimSort
instanceKlass java/util/Arrays$LegacyMergeSort
instanceKlass java/io/ObjectStreamClass$3
instanceKlass java/io/Externalizable
instanceKlass java/lang/reflect/Proxy$ProxyClassFactory
instanceKlass java/lang/reflect/Proxy$KeyFactory
instanceKlass java/util/function/BiFunction
instanceKlass java/lang/reflect/WeakCache
instanceKlass java/lang/reflect/InvocationHandler
instanceKlass java/lang/reflect/Proxy
instanceKlass java/io/ObjectStreamClass$EntryFuture
instanceKlass java/io/ObjectStreamClass$Caches
instanceKlass java/io/ObjectStreamClass$1
instanceKlass java/io/ObjectStreamClass
instanceKlass java/io/Bits
instanceKlass sun/misc/ObjectInputFilter$Config$$Lambda$3
instanceKlass java/lang/invoke/LambdaForm$DMH
instanceKlass sun/misc/ObjectInputFilter
instanceKlass sun/misc/ObjectInputFilter$Config
instanceKlass java/io/ObjectInputStream$ValidationList
instanceKlass java/io/ObjectInputStream$HandleTable$HandleList
instanceKlass java/io/ObjectInputStream$HandleTable
instanceKlass java/io/ObjectInputStream$$Lambda$2
instanceKlass sun/misc/JavaObjectInputStreamReadString
instanceKlass java/lang/invoke/LambdaForm$MH
instanceKlass java/lang/invoke/LambdaForm$MH
instanceKlass java/lang/invoke/InnerClassLambdaMetafactory$1
instanceKlass java/io/ObjectInputStream$$Lambda$1
instanceKlass java/lang/invoke/InfoFromMemberName
instanceKlass java/lang/invoke/MethodHandleInfo
instanceKlass sun/security/action/GetBooleanAction
instanceKlass sun/security/util/SecurityConstants
instanceKlass java/security/AccessController$1
instanceKlass java/lang/invoke/AbstractValidatingLambdaMetafactory
instanceKlass java/lang/invoke/LambdaForm$BMH
instanceKlass java/lang/invoke/LambdaForm$BMH
instanceKlass java/lang/invoke/LambdaForm$BMH
instanceKlass java/lang/invoke/LambdaForm$BMH
instanceKlass jdk/internal/org/objectweb/asm/FieldVisitor
instanceKlass java/lang/invoke/BoundMethodHandle$Factory$1
instanceKlass java/lang/invoke/BoundMethodHandle$SpeciesData$1
instanceKlass java/lang/invoke/LambdaForm$BMH
instanceKlass java/lang/invoke/LambdaForm$MH
instanceKlass java/lang/invoke/LambdaForm$BMH
instanceKlass java/lang/invoke/LambdaForm$MH
instanceKlass java/lang/invoke/LambdaForm$DMH
instanceKlass java/lang/invoke/LambdaForm$DMH
instanceKlass java/lang/invoke/LambdaForm$BMH
instanceKlass java/lang/invoke/LambdaForm$BMH
instanceKlass java/lang/invoke/LambdaForm$MH
instanceKlass java/lang/invoke/LambdaFormBuffer
instanceKlass java/lang/invoke/LambdaFormEditor
instanceKlass java/lang/invoke/LambdaForm$BMH
instanceKlass java/lang/invoke/LambdaForm$DMH
instanceKlass java/lang/invoke/LambdaForm$DMH
instanceKlass java/lang/invoke/LambdaForm$DMH
instanceKlass java/lang/invoke/LambdaForm$DMH
instanceKlass java/lang/invoke/LambdaForm$MH
instanceKlass java/lang/invoke/LambdaForm$DMH
instanceKlass java/lang/invoke/LambdaForm$DMH
instanceKlass java/lang/invoke/LambdaForm$MH
instanceKlass java/lang/invoke/LambdaForm$DMH
instanceKlass java/lang/invoke/LambdaForm$DMH
instanceKlass java/lang/invoke/LambdaForm$MH
instanceKlass java/lang/invoke/LambdaForm$DMH
instanceKlass java/lang/invoke/LambdaForm$DMH
instanceKlass java/lang/invoke/LambdaForm$MH
instanceKlass java/lang/invoke/LambdaForm$DMH
instanceKlass java/lang/invoke/LambdaForm$DMH
instanceKlass java/lang/invoke/LambdaForm$MH
instanceKlass java/lang/invoke/LambdaForm$DMH
instanceKlass java/lang/invoke/LambdaForm$MH
instanceKlass java/lang/invoke/LambdaForm$DMH
instanceKlass java/lang/invoke/LambdaForm$DMH
instanceKlass java/lang/invoke/LambdaForm$MH
instanceKlass java/lang/invoke/LambdaForm$DMH
instanceKlass java/lang/invoke/LambdaForm$DMH
instanceKlass java/lang/invoke/LambdaForm$MH
instanceKlass java/lang/invoke/LambdaForm$DMH
instanceKlass java/lang/invoke/LambdaForm$MH
instanceKlass java/lang/invoke/LambdaForm$DMH
instanceKlass java/lang/invoke/LambdaForm$MH
instanceKlass java/lang/invoke/LambdaForm$DMH
instanceKlass java/lang/invoke/LambdaForm$DMH
instanceKlass java/lang/invoke/MethodHandleImpl$Lazy
instanceKlass java/lang/invoke/LambdaForm$BMH
instanceKlass java/lang/invoke/LambdaForm$MH
instanceKlass java/lang/invoke/LambdaForm$DMH
instanceKlass java/lang/invoke/LambdaForm$DMH
instanceKlass sun/misc/JavaObjectInputStreamAccess
instanceKlass java/lang/invoke/LambdaForm$DMH
instanceKlass java/lang/invoke/LambdaForm$DMH
instanceKlass sun/misc/ObjectStreamClassValidator
instanceKlass java/lang/invoke/LambdaForm$DMH
instanceKlass java/util/SubList$1
instanceKlass java/lang/invoke/LambdaForm$MH
instanceKlass java/lang/invoke/LambdaForm$MH
instanceKlass java/lang/invoke/LambdaForm$MH
instanceKlass java/lang/invoke/LambdaForm$MH
instanceKlass java/lang/invoke/LambdaForm$MH
instanceKlass java/lang/invoke/LambdaForm$MH
instanceKlass java/lang/invoke/LambdaForm$MH
instanceKlass java/lang/invoke/LambdaForm$MH
instanceKlass java/lang/invoke/LambdaForm$MH
instanceKlass java/lang/invoke/LambdaForm$MH
instanceKlass java/lang/invoke/LambdaForm$MH
instanceKlass java/lang/invoke/LambdaForm$MH
instanceKlass java/lang/invoke/InvokerBytecodeGenerator$CpPatch
instanceKlass java/lang/invoke/LambdaForm$DMH
instanceKlass java/lang/invoke/LambdaForm$DMH
instanceKlass java/lang/invoke/LambdaForm$DMH
instanceKlass java/lang/invoke/LambdaForm$DMH
instanceKlass java/lang/invoke/LambdaForm$DMH
instanceKlass java/lang/invoke/LambdaForm$DMH
instanceKlass sun/invoke/empty/Empty
instanceKlass sun/invoke/util/VerifyType
instanceKlass java/lang/invoke/InvokerBytecodeGenerator$2
instanceKlass jdk/internal/org/objectweb/asm/AnnotationVisitor
instanceKlass jdk/internal/org/objectweb/asm/Frame
instanceKlass jdk/internal/org/objectweb/asm/Label
instanceKlass jdk/internal/org/objectweb/asm/Type
instanceKlass jdk/internal/org/objectweb/asm/MethodVisitor
instanceKlass jdk/internal/org/objectweb/asm/Item
instanceKlass jdk/internal/org/objectweb/asm/ByteVector
instanceKlass jdk/internal/org/objectweb/asm/ClassVisitor
instanceKlass java/lang/invoke/InvokerBytecodeGenerator
instanceKlass java/util/Collections$UnmodifiableCollection$1
instanceKlass java/lang/invoke/DirectMethodHandle$Lazy
instanceKlass sun/invoke/util/BytecodeDescriptor
instanceKlass java/lang/invoke/BoundMethodHandle$Factory
instanceKlass java/lang/invoke/BoundMethodHandle$SpeciesData
instanceKlass java/lang/invoke/LambdaForm$NamedFunction
instanceKlass java/lang/invoke/LambdaForm$Name
instanceKlass sun/invoke/util/ValueConversions
instanceKlass sun/invoke/util/VerifyAccess
instanceKlass java/lang/Long$LongCache
instanceKlass java/lang/Character$CharacterCache
instanceKlass java/lang/Short$ShortCache
instanceKlass java/lang/Byte$ByteCache
instanceKlass sun/invoke/util/Wrapper$Format
instanceKlass java/lang/invoke/MethodHandles
instanceKlass java/lang/invoke/Invokers
instanceKlass java/lang/invoke/MethodTypeForm
instanceKlass java/lang/invoke/MethodType$ConcurrentWeakInternSet
instanceKlass java/lang/invoke/MethodHandles$Lookup
instanceKlass java/lang/invoke/LambdaMetafactory
instanceKlass java/io/ObjectInputStream$1
instanceKlass sun/misc/JavaOISAccess
instanceKlass java/io/ObjectStreamConstants
instanceKlass java/io/ObjectInput
instanceKlass java/io/DataInput
instanceKlass java/util/TreeMap$Entry
instanceKlass java/lang/ProcessEnvironment$CheckedEntry
instanceKlass java/lang/ProcessEnvironment$CheckedEntrySet$1
instanceKlass java/util/NavigableMap
instanceKlass java/util/SortedMap
instanceKlass java/util/Collections$UnmodifiableMap
instanceKlass java/lang/ProcessEnvironment$EntryComparator
instanceKlass java/lang/ProcessEnvironment$NameComparator
instanceKlass com/jpexs/decompiler/flash/configuration/Configuration$1
instanceKlass com/jpexs/decompiler/flash/configuration/Configuration
instanceKlass javax/tools/JavaFileManager
instanceKlass javax/tools/OptionChecker
instanceKlass com/jpexs/decompiler/flash/helpers/SWFDecompilerPlugin
instanceKlass com/jpexs/decompiler/flash/gui/Main$19
instanceKlass java/util/logging/LogManager$5
instanceKlass java/util/HashMap$HashIterator
instanceKlass sun/reflect/UnsafeFieldAccessorFactory
instanceKlass java/util/logging/LoggingProxyImpl
instanceKlass sun/util/logging/LoggingProxy
instanceKlass sun/util/logging/LoggingSupport$1
instanceKlass sun/util/logging/LoggingSupport
instanceKlass sun/util/logging/PlatformLogger$LoggerProxy
instanceKlass sun/util/logging/PlatformLogger$1
instanceKlass sun/util/logging/PlatformLogger
instanceKlass java/util/logging/LogManager$LoggerContext$1
instanceKlass java/util/ArrayList$Itr
instanceKlass java/util/logging/LogManager$3
instanceKlass java/util/logging/LogManager$2
instanceKlass java/lang/Shutdown$Lock
instanceKlass java/lang/Shutdown
instanceKlass java/lang/ApplicationShutdownHooks$1
instanceKlass java/lang/ApplicationShutdownHooks
instanceKlass java/util/logging/LogManager$LogNode
instanceKlass java/util/logging/LogManager$LoggerContext
instanceKlass java/util/logging/LogManager$1
instanceKlass java/util/logging/LogManager
instanceKlass java/util/concurrent/locks/AbstractQueuedSynchronizer$Node
instanceKlass java/util/concurrent/locks/AbstractOwnableSynchronizer
instanceKlass java/util/concurrent/CopyOnWriteArrayList
instanceKlass java/util/logging/Logger$LoggerBundle
instanceKlass java/util/logging/Level$KnownLevel
instanceKlass java/util/logging/Level
instanceKlass java/util/logging/Logger
instanceKlass java/lang/Void
instanceKlass com/jpexs/debugger/flash/Variable
instanceKlass com/jpexs/decompiler/flash/gui/DebuggerHandler
instanceKlass com/jpexs/decompiler/flash/treeitems/SWFList
instanceKlass com/jpexs/decompiler/flash/SWFSourceInfo
instanceKlass com/jpexs/decompiler/flash/SWF
instanceKlass com/jpexs/decompiler/flash/timeline/Timelined
instanceKlass com/jpexs/decompiler/flash/tags/base/BoundedTag
instanceKlass com/jpexs/decompiler/flash/SWFContainerItem
instanceKlass com/jpexs/decompiler/flash/treeitems/TreeItem
instanceKlass com/jpexs/debugger/flash/DebugConnectionListener
instanceKlass com/jpexs/decompiler/flash/gui/DebuggerHandler$ConnectionListener
instanceKlass com/jpexs/decompiler/flash/gui/DebuggerHandler$BreakListener
instanceKlass com/jpexs/decompiler/flash/gui/debugger/DebugListener
instanceKlass java/util/logging/Handler
instanceKlass java/util/logging/Formatter
instanceKlass java/net/SocketAddress
instanceKlass java/io/FilenameFilter
instanceKlass java/awt/event/MouseListener
instanceKlass java/awt/event/ActionListener
instanceKlass java/util/EventListener
instanceKlass java/awt/Transparency
instanceKlass java/awt/image/WritableRenderedImage
instanceKlass java/awt/image/RenderedImage
instanceKlass java/awt/Image
instanceKlass javax/swing/TransferHandler$HasGetTransferHandler
instanceKlass javax/swing/RootPaneContainer
instanceKlass javax/swing/WindowConstants
instanceKlass java/awt/Component
instanceKlass java/awt/MenuContainer
instanceKlass java/awt/image/ImageObserver
instanceKlass javax/accessibility/Accessible
instanceKlass javax/swing/filechooser/FileFilter
instanceKlass com/jpexs/decompiler/flash/gui/MainFrame
instanceKlass com/jpexs/decompiler/flash/EventListener
instanceKlass com/jpexs/helpers/CancellableWorker
instanceKlass java/util/concurrent/RunnableFuture
instanceKlass java/util/concurrent/Future
instanceKlass com/jpexs/decompiler/flash/gui/Main$SwfPreparation
instanceKlass java/lang/Class$MethodArray
instanceKlass sun/launcher/LauncherHelper$FXHelper
instanceKlass com/jpexs/decompiler/flash/gui/Main
instanceKlass java/io/FilePermission$1
instanceKlass sun/net/www/MessageHeader
instanceKlass java/net/URLConnection
instanceKlass java/security/PermissionCollection
instanceKlass sun/nio/ByteBuffered
instanceKlass java/lang/Package
instanceKlass sun/security/util/ManifestEntryVerifier
instanceKlass sun/security/util/DisabledAlgorithmConstraints$1
instanceKlass sun/security/util/DisabledAlgorithmConstraints$Constraint
instanceKlass java/util/AbstractList$Itr
instanceKlass java/util/regex/Matcher
instanceKlass java/util/regex/MatchResult
instanceKlass sun/security/util/DisabledAlgorithmConstraints$Constraints
instanceKlass java/util/ArrayList$SubList$1
instanceKlass java/util/ListIterator
instanceKlass java/util/Properties$LineReader
instanceKlass java/security/Security$1
instanceKlass java/security/Security
instanceKlass sun/security/util/AbstractAlgorithmConstraints$1
instanceKlass java/util/regex/ASCII
instanceKlass java/util/regex/Pattern$TreeInfo
instanceKlass java/util/regex/Pattern$Node
instanceKlass java/util/regex/Pattern
instanceKlass sun/security/util/AlgorithmDecomposer
instanceKlass sun/security/util/AbstractAlgorithmConstraints
instanceKlass java/security/AlgorithmConstraints
instanceKlass sun/security/util/SignatureFileVerifier
instanceKlass sun/misc/Resource
instanceKlass sun/misc/ExtensionDependency
instanceKlass sun/misc/JarIndex
instanceKlass sun/misc/FileURLMapper
instanceKlass sun/misc/URLClassPath$JarLoader$1
instanceKlass sun/nio/cs/ThreadLocalCoders$Cache
instanceKlass sun/nio/cs/ThreadLocalCoders
instanceKlass sun/misc/URLClassPath$Loader
instanceKlass sun/misc/URLClassPath$3
instanceKlass sun/net/util/URLUtil
instanceKlass java/net/URLClassLoader$1
instanceKlass sun/misc/ASCIICaseInsensitiveComparator
instanceKlass java/util/jar/Attributes$Name
instanceKlass java/util/jar/Attributes
instanceKlass java/util/jar/JarVerifier$3
instanceKlass java/security/CodeSigner
instanceKlass java/util/jar/JarVerifier
instanceKlass sun/misc/IOUtils
instanceKlass java/util/zip/ZStreamRef
instanceKlass java/util/zip/Inflater
instanceKlass java/util/zip/ZipEntry
instanceKlass sun/nio/ch/DirectBuffer
instanceKlass sun/misc/PerfCounter$CoreCounters
instanceKlass sun/misc/Perf
instanceKlass sun/misc/Perf$GetPerfAction
instanceKlass sun/misc/PerfCounter
instanceKlass java/util/zip/ZipCoder
instanceKlass java/util/Deque
instanceKlass java/util/Queue
instanceKlass java/nio/charset/StandardCharsets
instanceKlass java/util/jar/JavaUtilJarAccessImpl
instanceKlass sun/misc/JavaUtilJarAccess
instanceKlass java/util/zip/ZipFile$1
instanceKlass sun/misc/JavaUtilZipFileAccess
instanceKlass java/util/zip/ZipFile
instanceKlass java/util/zip/ZipConstants
instanceKlass java/lang/StringCoding$StringDecoder
instanceKlass java/io/FileOutputStream$1
instanceKlass java/lang/StringCoding$StringEncoder
instanceKlass java/lang/ThreadLocal$ThreadLocalMap
instanceKlass java/lang/StringCoding
instanceKlass sun/usagetracker/UsageTrackerClient$3
instanceKlass sun/usagetracker/UsageTrackerClient$2
instanceKlass sun/usagetracker/UsageTrackerClient$4
instanceKlass sun/usagetracker/UsageTrackerClient$1
instanceKlass java/util/concurrent/atomic/AtomicBoolean
instanceKlass sun/usagetracker/UsageTrackerClient
instanceKlass sun/misc/PostVMInitHook$1
instanceKlass jdk/internal/util/EnvUtils
instanceKlass sun/misc/PostVMInitHook$2
instanceKlass sun/misc/PostVMInitHook
instanceKlass java/lang/invoke/MethodHandleStatics$1
instanceKlass java/lang/invoke/MethodHandleStatics
instanceKlass java/lang/invoke/MemberName$Factory
instanceKlass java/lang/ClassValue$Version
instanceKlass java/lang/ClassValue$Identity
instanceKlass java/lang/ClassValue
instanceKlass java/lang/invoke/MethodHandleImpl$3
instanceKlass java/lang/invoke/MethodHandleImpl$2
instanceKlass java/util/function/Function
instanceKlass java/lang/invoke/MethodHandleImpl$1
instanceKlass java/lang/invoke/MethodHandleImpl
instanceKlass java/lang/SystemClassLoaderAction
instanceKlass sun/misc/Launcher$AppClassLoader$1
instanceKlass sun/misc/URLClassPath
instanceKlass java/security/Principal
instanceKlass java/security/ProtectionDomain$Key
instanceKlass java/security/ProtectionDomain$2
instanceKlass sun/misc/JavaSecurityProtectionDomainAccess
instanceKlass java/security/ProtectionDomain$JavaSecurityAccessImpl
instanceKlass sun/misc/JavaSecurityAccess
instanceKlass sun/net/util/IPAddressUtil
instanceKlass java/net/URLStreamHandler
instanceKlass java/net/Parts
instanceKlass java/util/BitSet
instanceKlass sun/net/www/ParseUtil
instanceKlass java/io/FileInputStream$1
instanceKlass java/lang/CharacterData
instanceKlass sun/util/locale/LocaleUtils
instanceKlass java/util/Locale$LocaleKey
instanceKlass sun/util/locale/BaseLocale$Key
instanceKlass sun/util/locale/BaseLocale
instanceKlass java/util/concurrent/ConcurrentHashMap$CollectionView
instanceKlass java/util/concurrent/ConcurrentHashMap$CounterCell
instanceKlass java/util/concurrent/ConcurrentHashMap$Node
instanceKlass java/util/concurrent/locks/ReentrantLock
instanceKlass java/util/concurrent/locks/Lock
instanceKlass java/util/concurrent/ConcurrentMap
instanceKlass sun/util/locale/LocaleObjectCache
instanceKlass java/util/Locale
instanceKlass java/lang/reflect/Array
instanceKlass java/nio/charset/CoderResult$Cache
instanceKlass java/nio/charset/CoderResult
instanceKlass java/nio/charset/CharsetDecoder
instanceKlass sun/nio/cs/ArrayDecoder
instanceKlass java/io/Reader
instanceKlass java/lang/Readable
instanceKlass sun/misc/MetaIndex
instanceKlass java/util/StringTokenizer
instanceKlass sun/misc/Launcher$ExtClassLoader$1
instanceKlass java/net/URLClassLoader$7
instanceKlass sun/misc/JavaNetAccess
instanceKlass java/lang/ClassLoader$ParallelLoaders
instanceKlass sun/security/util/Debug
instanceKlass sun/misc/Launcher$Factory
instanceKlass java/net/URLStreamHandlerFactory
instanceKlass java/lang/Compiler$1
instanceKlass java/lang/Compiler
instanceKlass java/lang/System$2
instanceKlass sun/misc/JavaLangAccess
instanceKlass sun/io/Win32ErrorMode
instanceKlass sun/misc/OSEnvironment
instanceKlass java/lang/Integer$IntegerCache
instanceKlass sun/misc/NativeSignalHandler
instanceKlass sun/misc/Signal
instanceKlass java/lang/Terminator$1
instanceKlass sun/misc/SignalHandler
instanceKlass java/lang/Terminator
instanceKlass java/lang/ClassLoader$NativeLibrary
instanceKlass java/io/ExpiringCache$Entry
instanceKlass java/lang/ClassLoader$3
instanceKlass java/nio/file/Path
instanceKlass java/nio/file/Watchable
instanceKlass java/lang/Enum
instanceKlass java/io/ExpiringCache
instanceKlass java/io/FileSystem
instanceKlass java/io/DefaultFileSystem
instanceKlass java/nio/Bits$1
instanceKlass sun/misc/JavaNioAccess
instanceKlass java/nio/ByteOrder
instanceKlass java/nio/Bits
instanceKlass java/nio/charset/CodingErrorAction
instanceKlass java/nio/charset/CharsetEncoder
instanceKlass sun/nio/cs/ArrayEncoder
instanceKlass sun/reflect/ReflectionFactory$1
instanceKlass java/lang/Class$1
instanceKlass sun/nio/cs/SingleByte
instanceKlass sun/nio/cs/HistoricallyNamedCharset
instanceKlass sun/security/action/GetPropertyAction
instanceKlass java/lang/ThreadLocal
instanceKlass java/nio/charset/spi/CharsetProvider
instanceKlass java/nio/charset/Charset
instanceKlass java/io/Writer
instanceKlass java/util/Arrays
instanceKlass sun/reflect/misc/ReflectUtil
instanceKlass java/lang/reflect/ReflectAccess
instanceKlass sun/reflect/LangReflectAccess
instanceKlass java/lang/reflect/Modifier
instanceKlass sun/reflect/annotation/AnnotationType
instanceKlass java/lang/Class$AnnotationData
instanceKlass sun/reflect/generics/repository/AbstractRepository
instanceKlass java/lang/Class$Atomic
instanceKlass java/lang/Class$ReflectionData
instanceKlass java/lang/Class$3
instanceKlass java/util/concurrent/atomic/AtomicReferenceFieldUpdater$AtomicReferenceFieldUpdaterImpl$1
instanceKlass java/security/PrivilegedExceptionAction
instanceKlass java/util/concurrent/atomic/AtomicReferenceFieldUpdater
instanceKlass java/io/OutputStream
instanceKlass java/io/Flushable
instanceKlass java/io/FileDescriptor$1
instanceKlass sun/misc/JavaIOFileDescriptorAccess
instanceKlass java/io/FileDescriptor
instanceKlass sun/misc/Version
instanceKlass java/lang/Runtime
instanceKlass java/util/Hashtable$Enumerator
instanceKlass java/util/Iterator
instanceKlass java/util/Enumeration
instanceKlass java/util/Objects
instanceKlass java/util/Collections$SynchronizedCollection
instanceKlass java/lang/Math
instanceKlass java/util/Hashtable$Entry
instanceKlass sun/misc/VM
instanceKlass java/util/HashMap$Node
instanceKlass java/util/Map$Entry
instanceKlass sun/reflect/Reflection
instanceKlass sun/misc/SharedSecrets
instanceKlass java/lang/ref/Reference$1
instanceKlass sun/misc/JavaLangRefAccess
instanceKlass java/lang/ref/ReferenceQueue$Lock
instanceKlass java/util/Collections$UnmodifiableCollection
instanceKlass java/util/AbstractMap
instanceKlass java/util/Set
instanceKlass java/util/Collections
instanceKlass java/lang/ref/Reference$Lock
instanceKlass sun/reflect/ReflectionFactory
instanceKlass java/util/AbstractCollection
instanceKlass java/util/RandomAccess
instanceKlass java/util/List
instanceKlass java/util/Collection
instanceKlass java/lang/Iterable
instanceKlass java/security/cert/Certificate
instanceKlass sun/reflect/ReflectionFactory$GetReflectionFactoryAction
instanceKlass java/security/PrivilegedAction
instanceKlass java/security/AccessController
instanceKlass java/security/Permission
instanceKlass java/security/Guard
instanceKlass java/lang/String$CaseInsensitiveComparator
instanceKlass java/util/Comparator
instanceKlass java/io/ObjectStreamField
instanceKlass java/lang/Number
instanceKlass java/lang/Character
instanceKlass java/lang/Boolean
instanceKlass java/nio/Buffer
instanceKlass java/lang/StackTraceElement
instanceKlass java/security/CodeSource
instanceKlass sun/misc/Launcher
instanceKlass java/util/jar/Manifest
instanceKlass java/net/URL
instanceKlass java/io/File
instanceKlass java/io/InputStream
instanceKlass java/io/Closeable
instanceKlass java/lang/AutoCloseable
instanceKlass sun/misc/Unsafe
instanceKlass java/lang/AbstractStringBuilder
instanceKlass java/lang/Appendable
instanceKlass java/lang/invoke/CallSite
instanceKlass java/lang/invoke/MethodType
instanceKlass java/lang/invoke/LambdaForm
instanceKlass java/lang/invoke/MethodHandleNatives
instanceKlass java/lang/invoke/MemberName
instanceKlass java/lang/invoke/MethodHandle
instanceKlass sun/reflect/CallerSensitive
instanceKlass java/lang/annotation/Annotation
instanceKlass sun/reflect/FieldAccessor
instanceKlass sun/reflect/ConstantPool
instanceKlass sun/reflect/ConstructorAccessor
instanceKlass sun/reflect/MethodAccessor
instanceKlass sun/reflect/MagicAccessorImpl
instanceKlass java/lang/reflect/Parameter
instanceKlass java/lang/reflect/Member
instanceKlass java/lang/reflect/AccessibleObject
instanceKlass java/util/Dictionary
instanceKlass java/util/Map
instanceKlass java/lang/ThreadGroup
instanceKlass java/lang/Thread$UncaughtExceptionHandler
instanceKlass java/lang/Thread
instanceKlass java/lang/Runnable
instanceKlass java/lang/ref/ReferenceQueue
instanceKlass java/lang/ref/Reference
instanceKlass java/security/AccessControlContext
instanceKlass java/security/ProtectionDomain
instanceKlass java/lang/SecurityManager
instanceKlass java/lang/Throwable
instanceKlass java/lang/System
instanceKlass java/lang/ClassLoader
instanceKlass java/lang/Cloneable
instanceKlass java/lang/Class
instanceKlass java/lang/reflect/Type
instanceKlass java/lang/reflect/GenericDeclaration
instanceKlass java/lang/reflect/AnnotatedElement
instanceKlass java/lang/String
instanceKlass java/lang/CharSequence
instanceKlass java/lang/Comparable
instanceKlass java/io/Serializable
ciInstanceKlass java/lang/Object 1 1 75 3 8 8 8 1 1 1 1 1 1 1 1 1 1 1 1 1 1 1 1 1 1 1 1 1 1 1 1 1 1 1 1 1 1 1 1 1 1 1 1 1 1 1 7 7 100 7 7 7 7 7 1 1 1 12 12 12 12 12 12 12 12 12 12 10 10 10 10 10 10 10 10 10 10
ciInstanceKlass java/io/Serializable 1 0 5 1 1 100 100
ciInstanceKlass java/lang/String 1 1 537 3 3 3 3 8 8 8 8 8 8 8 8 8 8 1 1 1 1 1 1 1 1 1 1 1 1 1 1 1 1 1 1 1 1 1 1 1 1 1 1 1 1 1 1 1 1 1 1 1 1 1 1 1 1 1 1 1 1 1 1 1 1 1 1 1 1 1 1 1 1 1 1 1 1 1 1 1 1 1 1 1 1 1 1 1 1 1 1 1 1 1 1 1 1 1 1 1 1 1 1 1 1 1 1 1 1 1 1 1 1 1 1 1 1 1 1 1 1 1 1 1 1 1 1 1 1 1 1 1 1 1 1 1 1 1 1 1 1 1 1 1 1 1 1 1 1 1 1 1 1 1 1 1 1 1 1 1 1 1 1 1 1 1 1 1 1 1 1 1 1 1 1 1 1 1 1 1 1 1 1 1 1 1 1 1 1 1 1 1 1 1 1 1 1 1 1 1 1 1 1 1 1 1 1 1 1 1 1 1 1 1 5 0 100 100 100 100 7 7 100 100 100 7 7 100 100 7 100 100 100 7 100 100 7 100 7 7 100 7 100 100 7 100 7 100 100 7 7 7 7 100 7 7 100 100 7 7 1 1 1 1 1 1 1 1 1 1 1 1 1 1 1 1 1 1 1 1 1 1 1 1 1 1 1 1 1 1 1 1 1 1 1 1 1 1 1 1 1 1 1 1 1 1 1 1 1 1 1 1 1 1 1 1 1 1 1 1 1 12 12 12 12 12 12 12 12 12 12 12 12 12 12 12 12 12 12 12 12 12 12 12 12 12 12 12 12 12 12 12 12 12 12 12 12 12 12 12 12 12 12 12 12 12 12 12 12 12 12 12 12 12 12 12 12 12 12 12 12 12 12 12 12 12 12 12 12 12 12 12 12 12 12 12 12 12 12 12 12 12 12 12 12 12 12 12 12 12 12 12 12 12 12 12 12 12 12 12 12 12 9 9 9 9 10 10 10 10 10 10 10 10 10 10 10 10 10 10 10 10 10 10 10 10 10 10 10 10 10 10 10 10 10 10 10 10 10 10 10 10 10 10 10 10 10 10 10 10 10 10 10 10 10 10 10 10 10 10 10 10 10 10 10 10 10 10 10 10 10 10 10 10 10 10 10 10 10 10 10 10 10 10 10 10 10 10 10 10 10 10 10 10 10 10 10 10 10 10 10 10 10 10 10 10 10 10 10 10 11 11 11 11 11 11 11 11 1
staticfield java/lang/String serialPersistentFields [Ljava/io/ObjectStreamField; 0 [Ljava/io/ObjectStreamField;
staticfield java/lang/String CASE_INSENSITIVE_ORDER Ljava/util/Comparator; java/lang/String$CaseInsensitiveComparator
ciInstanceKlass java/lang/Class 1 1 1187 8 8 8 8 8 8 8 8 8 8 8 8 8 8 8 8 8 8 7 1 1 1 1 1 1 1 1 1 1 1 1 1 1 1 1 1 1 1 1 1 1 1 1 1 1 1 1 1 1 1 1 1 1 1 1 1 1 1 1 1 1 1 1 1 1 1 1 1 1 1 1 1 1 1 1 1 1 1 1 1 1 1 1 1 1 1 1 1 1 1 1 1 1 1 1 1 1 1 1 1 1 1 1 1 1 1 1 1 1 1 1 1 1 1 1 1 1 1 1 1 1 1 1 1 1 1 1 1 1 1 1 1 1 1 1 1 1 1 1 1 1 1 1 1 1 1 1 1 1 1 1 1 1 1 1 1 1 1 1 1 1 1 1 1 1 1 1 1 1 1 1 1 1 1 1 1 1 1 1 1 1 1 1 1 1 1 1 1 1 1 1 1 1 1 1 1 1 1 1 1 1 1 1 1 1 1 1 1 1 1 1 1 1 1 1 1 1 1 1 1 1 1 1 1 1 1 1 1 1 1 1 1 1 1 1 1 1 1 1 1 1 1 1 1 1 1 1 1 1 1 1 1 1 1 1 1 1 1 1 1 1 1 1 1 1 1 1 1 1 1 1 1 1 1 1 1 1 1 1 1 1 1 1 1 1 1 1 1 1 1 1 1 1 1 1 1 1 1 1 1 1 1 1 1 1 1 1 1 1 1 1 1 1 1 1 1 1 1 1 1 1 1 1 1 1 1 1 1 1 1 1 1 1 1 1 1 1 1 1 1 1 1 1 1 1 1 1 1 1 1 1 1 1 1 1 1 1 1 1 1 1 1 1 1 1 1 1 1 1 1 1 1 1 1 1 1 1 1 1 1 1 1 1 1 1 1 1 1 1 1 1 1 1 1 1 1 1 1 1 1 1 1 1 1 1 1 1 1 1 1 1 1 1 1 1 1 1 1 1 3 3 3 5 0 8 8 8 8 8 7 7 7 100 100 100 7 7 100 7 100 7 7 7 7 100 7 7 100 7 100 100 100 7 100 100 100 100 100 100 7 7 7 100 100 100 100 7 7 7 100 100 100 7 100 100 7 7 100 7 7 7 7 100 100 100 7 7 7 7 7 7 7 7 100 7 7 100 7 7 7 100 7 7 7 7 100 100 100 7 7 100 100 7 100 7 1 1 1 1 1 1 1 1 1 1 1 1 1 1 1 1 1 1 1 1 1 1 1 1 1 1 1 1 1 1 1 1 1 1 1 1 1 1 1 1 1 1 1 1 1 1 1 1 1 1 1 1 1 1 1 1 1 1 1 1 1 1 1 1 1 1 1 1 1 1 1 1 1 1 1 1 1 1 1 1 1 1 1 1 1 1 1 1 1 1 1 1 1 1 1 1 1 1 1 1 1 1 1 1 1 1 1 1 1 1 1 1 1 1 1 1 1 1 1 1 1 1 1 1 1 1 1 1 1 1 1 1 1 1 1 1 1 1 1 1 1 1 1 1 1 1 1 1 1 1 1 1 1 1 1 1 1 1 1 1 1 1 1 1 1 1 1 12 12 12 12 12 12 12 12 12 12 12 12 12 12 12 12 12 12 12 12 12 12 12 12 12 12 12 12 12 12 12 12 12 12 12 12 12 12 12 12 12 12 12 12 12 12 12 12 12 12 12 12 12 12 12 12 12 12 12 12 12 12 12 12 12 12 12 12 12 12 12 12 12 12 12 12 12 12 12 12 12 12 12 12 12 12 12 12 12 12 12 12 12 12 12 12 12 12 12 12 12 12 12 12 12 12 12 12 12 12 12 12 12 12 12 12 12 12 12 12 12 12 12 12 12 12 12 12 12 12 12 12 12 12 12 12 12 12 12 12 12 12 12 12 12 12 12 12 12 12 12 12 12 12 12 12 12 12 12 12 12 12 12 12 12 12 12 12 12 12 12 12 12 12 12 12 12 12 12 12 12 12 12 12 12 12 12 12 12 12 12 12 12 12 12 12 12 12 12 12 12 12 12 12 12 12 12 12 12 12 12 12 12 12 12 12 12 12 12 12 12 12 12 12 12 12 12 12 12 12 12 12 9 9 9 9 9 9 9 9 9 9 9 9 9 9 9 9 9 9 9 9 9 9 9 9 9 9 9 9 9 9 9 9 9 9 9 9 9 10 10 10 10 10 10 10 10 10 10 10 10 10 10 10 10 10 10 10 10 10 10 10 10 10 10 10 10 10 10 10 10 10 10 10 10 10 10 10 10 10 10 10 10 10 10 10 10 10 10 10 10 10 10 10 10 10 10 10 10 10 10 10 10 10 10 10 10 10 10 10 10 10 10 10 10 10 10 10 10 10 10 10 10 10 10 10 10 10 10 10 10 10 10 10 10 10 10 10 10 10 10 10 10 10 10 10 10 10 10 10 10 10 10 10 10 10 10 10 10 10 10 10 10 10 10 10 10 10 10 10 10 10 10 10 10 10 10 10 10 10 10 10 10 10 10 10 10 10 10 10 10 10 10 10 10 10 10 10 10 10 10 10 10 10 10 10 10 10 10 10 10 10 10 10 10 10 10 10 10 10 10 10 10 10 10 10 10 10 10 10 10 10 10 10 10 10 10 10 10 10 10 10 10 10 10 10 10 10 10 11 11 11 11 11 11 11 11 11 11 11 11 11 11 11 11 11 11 1 1 1 1 1 1 1
staticfield java/lang/Class serialPersistentFields [Ljava/io/ObjectStreamField; 0 [Ljava/io/ObjectStreamField;
ciInstanceKlass java/lang/Cloneable 1 0 5 1 1 100 100
instanceKlass java/util/ResourceBundle$RBClassLoader
instanceKlass sun/reflect/DelegatingClassLoader
instanceKlass java/security/SecureClassLoader
ciInstanceKlass java/lang/ClassLoader 1 1 822 8 8 8 8 8 8 8 8 8 8 8 8 8 8 8 8 8 8 7 1 1 1 1 1 1 1 1 1 1 1 1 1 1 1 1 1 1 1 1 1 1 1 1 1 1 1 1 1 1 1 1 1 1 1 1 1 1 1 1 1 1 1 1 1 1 1 1 1 1 1 1 1 1 1 1 1 1 1 1 1 1 1 1 1 1 1 1 1 1 1 1 1 1 1 1 1 1 1 1 1 1 1 1 1 1 1 1 1 1 1 1 1 1 1 1 1 1 1 1 1 1 1 1 1 1 1 1 1 1 1 1 1 1 1 1 1 1 1 1 1 1 1 1 1 1 1 1 1 1 1 1 1 1 1 1 1 1 1 1 1 1 1 1 1 1 1 1 1 1 1 1 1 1 1 1 1 1 1 1 1 1 1 1 1 1 1 1 1 1 1 1 1 1 1 1 1 1 1 1 1 1 1 1 1 1 1 1 1 1 1 1 1 1 1 1 1 1 1 1 1 1 1 1 1 1 1 1 1 1 1 1 1 1 1 1 1 1 1 1 1 1 1 1 1 1 1 1 1 1 1 1 1 1 1 1 1 1 1 1 1 1 1 1 1 1 1 1 1 1 1 1 1 1 1 1 1 1 1 1 1 1 1 1 1 1 1 1 1 1 1 100 100 100 7 7 7 100 100 100 100 7 100 100 7 7 7 7 100 7 100 100 100 100 7 7 100 100 7 100 7 7 100 100 100 100 7 100 100 7 7 100 7 7 100 100 7 7 7 7 7 7 7 7 7 7 7 7 7 7 100 100 1 1 1 1 1 1 1 1 1 1 1 1 1 1 1 1 1 1 1 1 1 1 1 1 1 1 1 1 1 1 1 1 1 1 1 1 1 1 1 1 1 1 1 1 1 1 1 1 1 1 1 1 1 1 1 1 1 1 1 1 1 1 1 1 1 1 1 1 1 1 1 1 1 1 1 1 1 1 1 1 1 1 1 1 1 1 1 1 1 1 1 1 1 1 1 1 1 1 1 1 1 1 1 1 1 1 1 1 1 1 1 12 12 12 12 12 12 12 12 12 12 12 12 12 12 12 12 12 12 12 12 12 12 12 12 12 12 12 12 12 12 12 12 12 12 12 12 12 12 12 12 12 12 12 12 12 12 12 12 12 12 12 12 12 12 12 12 12 12 12 12 12 12 12 12 12 12 12 12 12 12 12 12 12 12 12 12 12 12 12 12 12 12 12 12 12 12 12 12 12 12 12 12 12 12 12 12 12 12 12 12 12 12 12 12 12 12 12 12 12 12 12 12 12 12 12 12 12 12 12 12 12 12 12 12 12 12 12 12 12 12 12 12 12 12 12 12 12 12 12 12 12 12 12 12 12 12 12 12 12 12 12 12 12 12 12 12 12 12 12 12 12 12 12 12 12 12 9 9 9 9 9 9 9 9 9 9 9 9 9 9 9 9 9 9 9 9 9 9 9 9 9 9 9 9 10 10 10 10 10 10 10 10 10 10 10 10 10 10 10 10 10 10 10 10 10 10 10 10 10 10 10 10 10 10 10 10 10 10 10 10 10 10 10 10 10 10 10 10 10 10 10 10 10 10 10 10 10 10 10 10 10 10 10 10 10 10 10 10 10 10 10 10 10 10 10 10 10 10 10 10 10 10 10 10 10 10 10 10 10 10 10 10 10 10 10 10 10 10 10 10 10 10 10 10 10 10 10 10 10 10 10 10 10 10 10 10 10 10 10 10 10 10 10 10 10 10 10 10 10 10 10 10 10 10 10 10 10 10 10 10 10 10 10 10 10 10 10 10 10 10 10 10 10 10 10 10 10 10 10 10 10 10 11 11 11 11 11 1 1
staticfield java/lang/ClassLoader nocerts [Ljava/security/cert/Certificate; 0 [Ljava/security/cert/Certificate;
ciInstanceKlass java/lang/System 1 1 366 8 8 8 8 8 8 8 8 8 8 8 8 8 7 1 1 1 1 1 1 1 1 1 1 1 1 1 1 1 1 1 1 1 1 1 1 1 1 1 1 1 1 1 1 1 1 1 1 1 1 1 1 1 1 1 1 1 1 1 1 1 1 1 1 1 1 1 1 1 1 1 1 1 1 1 1 1 1 1 1 1 1 1 1 1 1 1 1 1 1 1 1 1 1 1 1 1 1 1 1 1 1 1 1 1 1 1 1 1 1 1 1 1 1 1 1 1 1 1 1 1 1 1 1 1 1 1 1 1 1 1 1 1 1 1 1 1 1 1 1 1 1 1 1 1 1 1 1 1 7 7 7 7 7 100 7 100 100 100 100 100 100 7 7 100 100 7 100 100 7 7 7 7 100 100 100 7 100 100 7 7 7 7 1 1 1 1 1 1 1 1 1 1 1 1 1 1 1 1 1 1 1 1 1 1 1 1 1 1 1 1 1 1 1 1 1 1 1 1 1 1 1 1 12 12 12 12 12 12 12 12 12 12 12 12 12 12 12 12 12 12 12 12 12 12 12 12 12 12 12 12 12 12 12 12 12 12 12 12 12 12 12 12 12 12 12 12 12 12 12 12 12 12 12 12 12 12 12 12 12 12 12 12 12 12 12 12 12 12 12 12 9 9 9 9 9 9 9 9 9 9 10 10 10 10 10 10 10 10 10 10 10 10 10 10 10 10 10 10 10 10 10 10 10 10 10 10 10 10 10 10 10 10 10 10 10 10 10 10 10 10 10 10 10 10 10 10 10 10 10 10 10 10 10 10 10 10 10 10 10 10 10 10 10 11
staticfield java/lang/System in Ljava/io/InputStream; java/io/BufferedInputStream
staticfield java/lang/System out Ljava/io/PrintStream; java/io/PrintStream
staticfield java/lang/System err Ljava/io/PrintStream; java/io/PrintStream
instanceKlass java/lang/Exception
instanceKlass java/lang/Error
ciInstanceKlass java/lang/Throwable 1 1 350 8 8 8 8 8 8 8 8 8 8 8 8 8 8 8 8 8 8 8 7 1 1 1 1 1 1 1 1 1 1 1 1 1 1 1 1 1 1 1 1 1 1 1 1 1 1 1 1 1 1 1 1 1 1 1 1 1 1 1 1 1 1 1 1 1 1 1 1 1 1 1 1 1 1 1 1 1 1 1 1 1 1 1 1 1 1 1 1 1 1 1 1 1 1 1 1 1 1 1 1 1 1 1 1 1 1 1 1 1 1 1 1 1 1 1 1 1 1 1 1 1 1 1 1 1 1 1 1 1 1 1 1 1 1 1 1 1 1 1 1 1 1 1 1 1 1 1 1 1 1 1 1 1 1 1 1 5 0 100 100 100 100 100 100 100 100 7 100 100 100 100 100 100 7 100 7 100 100 100 100 100 100 100 100 100 7 7 100 100 100 100 100 1 1 1 1 1 1 1 1 1 1 1 1 1 1 1 1 1 1 1 1 1 1 1 1 1 1 1 1 1 1 1 12 12 12 12 12 12 12 12 12 12 12 12 12 12 12 12 12 12 12 12 12 12 12 12 12 12 12 12 12 12 12 12 12 12 12 12 12 12 12 12 12 12 12 12 12 12 12 12 12 12 12 12 12 12 12 12 12 9 9 9 9 9 9 9 9 9 9 9 9 10 10 10 10 10 10 10 10 10 10 10 10 10 10 10 10 10 10 10 10 10 10 10 10 10 10 10 10 10 10 10 10 10 10 10 10 10 10 10 10 10 10 10 10 10 11 11 11 11 11 11 11 11 1 1 1 1
staticfield java/lang/Throwable UNASSIGNED_STACK [Ljava/lang/StackTraceElement; 0 [Ljava/lang/StackTraceElement;
staticfield java/lang/Throwable SUPPRESSED_SENTINEL Ljava/util/List; java/util/Collections$UnmodifiableRandomAccessList
staticfield java/lang/Throwable EMPTY_THROWABLE_ARRAY [Ljava/lang/Throwable; 0 [Ljava/lang/Throwable;
staticfield java/lang/Throwable $assertionsDisabled Z 1
instanceKlass java/lang/AssertionError
instanceKlass java/lang/VirtualMachineError
instanceKlass java/lang/LinkageError
instanceKlass java/lang/ThreadDeath
ciInstanceKlass java/lang/Error 1 1 27 1 1 1 1 1 1 1 1 1 1 5 0 100 7 1 1 12 12 12 12 12 10 10 10 10 10
ciInstanceKlass java/lang/ThreadDeath 0 0 15 1 1 1 1 1 1 1 1 5 0 100 100 12 10
instanceKlass com/jpexs/decompiler/flash/action/ConstantPoolTooBigException
instanceKlass java/awt/datatransfer/UnsupportedFlavorException
instanceKlass java/awt/FontFormatException
instanceKlass javax/swing/text/BadLocationException
instanceKlass javax/xml/transform/TransformerException
instanceKlass javax/sound/sampled/LineUnavailableException
instanceKlass sun/security/ec/ECOperations$IntermediateValueException
instanceKlass java/util/concurrent/TimeoutException
instanceKlass org/xml/sax/SAXException
instanceKlass javax/xml/parsers/ParserConfigurationException
instanceKlass javax/sound/sampled/UnsupportedAudioFileException
instanceKlass java/util/concurrent/ExecutionException
instanceKlass com/jpexs/decompiler/graph/CompilationException
instanceKlass com/jpexs/decompiler/flash/importers/As3ScriptReplaceException
instanceKlass java/text/ParseException
instanceKlass com/jpexs/decompiler/flash/amf/amf3/NoSerializerExistsException
instanceKlass com/jpexs/decompiler/flash/ParseException
instanceKlass java/lang/CloneNotSupportedException
instanceKlass java/net/URISyntaxException
instanceKlass java/awt/AWTException
instanceKlass javax/swing/UnsupportedLookAndFeelException
instanceKlass java/security/GeneralSecurityException
instanceKlass com/jpexs/decompiler/flash/gui/DebuggerHandler$ActionScriptException
instanceKlass java/security/PrivilegedActionException
instanceKlass java/io/IOException
instanceKlass java/lang/InterruptedException
instanceKlass java/lang/ReflectiveOperationException
instanceKlass java/lang/RuntimeException
ciInstanceKlass java/lang/Exception 1 1 27 1 1 1 1 1 1 1 1 1 1 5 0 100 7 1 1 12 12 12 12 12 10 10 10 10 10
instanceKlass com/jpexs/decompiler/graph/TranslateException
instanceKlass java/util/NoSuchElementException
instanceKlass java/util/MissingResourceException
instanceKlass com/sun/jna/platform/win32/Win32Exception
instanceKlass com/eclipsesource/json/ParseException
instanceKlass java/security/ProviderException
instanceKlass com/jpexs/javactivex/ActiveXException
instanceKlass com/jpexs/decompiler/flash/gui/FlashUnsupportedException
instanceKlass java/util/EmptyStackException
instanceKlass org/pushingpixels/lafplugin/XMLParseException
instanceKlass org/pushingpixels/lafwidget/UiThreadingViolationException
instanceKlass java/lang/UnsupportedOperationException
instanceKlass java/lang/IndexOutOfBoundsException
instanceKlass java/lang/reflect/UndeclaredThrowableException
instanceKlass java/lang/invoke/WrongMethodTypeException
instanceKlass java/lang/SecurityException
instanceKlass java/lang/IllegalStateException
instanceKlass java/lang/IllegalArgumentException
instanceKlass java/lang/ArithmeticException
instanceKlass java/lang/NullPointerException
instanceKlass java/lang/IllegalMonitorStateException
instanceKlass java/lang/ArrayStoreException
instanceKlass java/lang/ClassCastException
ciInstanceKlass java/lang/RuntimeException 1 1 27 1 1 1 1 1 1 1 1 1 1 5 0 7 100 1 1 12 12 12 12 12 10 10 10 10 10
instanceKlass javax/crypto/JceSecurityManager
ciInstanceKlass java/lang/SecurityManager 1 1 372 8 8 8 8 8 8 8 8 8 8 8 8 8 8 8 8 8 8 8 8 8 8 8 8 8 8 8 8 8 8 8 8 8 8 8 8 7 1 1 1 1 1 1 1 1 1 1 1 1 1 1 1 1 1 1 1 1 1 1 1 1 1 1 1 1 1 1 1 1 1 1 1 1 1 1 1 1 1 1 1 1 1 1 1 1 1 1 1 1 1 1 1 1 1 1 1 1 1 1 1 1 1 1 1 1 1 1 1 1 1 1 1 1 1 1 1 1 1 1 1 1 1 1 1 1 1 1 1 1 1 1 1 1 1 1 1 1 1 1 1 1 1 1 1 1 1 1 1 1 1 1 1 1 1 1 1 1 1 1 1 1 1 1 1 1 1 1 1 1 1 1 1 1 1 1 1 1 1 1 1 1 1 1 1 1 1 1 1 1 1 1 1 1 1 1 1 1 1 1 100 100 100 100 100 100 100 7 100 100 100 100 100 100 7 7 7 100 100 100 100 100 100 100 100 100 100 100 1 1 1 1 1 1 1 1 1 1 1 1 1 1 1 1 1 1 1 1 1 1 1 1 1 1 1 1 1 1 1 12 12 12 12 12 12 12 12 12 12 12 12 12 12 12 12 12 12 12 12 12 12 12 12 12 12 12 12 12 12 12 12 12 12 12 12 12 12 12 12 12 12 12 12 12 12 12 12 12 12 12 9 9 9 9 9 9 9 9 9 9 9 9 9 9 9 9 9 10 10 10 10 10 10 10 10 10 10 10 10 10 10 10 10 10 10 10 10 10 10 10 10 10 10 10 10 10 10 10 10 10 10 10 10 10 10 10 10 10 10 10 10 10
staticfield java/lang/SecurityManager packageAccessLock Ljava/lang/Object; java/lang/Object
staticfield java/lang/SecurityManager packageDefinitionLock Ljava/lang/Object; java/lang/Object
ciInstanceKlass java/security/ProtectionDomain 1 1 269 8 8 8 8 8 8 8 8 8 8 1 1 1 1 1 1 1 1 1 1 1 1 1 1 1 1 1 1 1 1 1 1 1 1 1 1 1 1 1 1 1 1 1 1 1 1 1 1 1 1 1 1 1 1 1 1 1 1 1 1 1 1 1 1 1 1 1 1 1 1 1 1 1 1 1 1 1 1 1 1 1 1 1 1 1 1 1 1 1 1 1 1 1 1 1 1 1 1 1 1 1 1 1 1 1 1 1 100 100 100 7 100 100 100 100 100 100 100 100 100 7 7 100 7 7 100 7 7 7 100 100 100 7 7 100 1 1 1 1 1 1 1 1 1 1 1 1 1 1 1 1 1 1 1 1 1 1 1 1 1 1 1 1 1 12 12 12 12 12 12 12 12 12 12 12 12 12 12 12 12 12 12 12 12 12 12 12 12 12 12 12 12 12 12 12 12 12 12 12 12 12 12 12 12 12 12 12 12 12 12 12 12 9 9 9 9 9 9 9 9 9 9 9 10 10 10 10 10 10 10 10 10 10 10 10 10 10 10 10 10 10 10 10 10 10 10 10 10 10 10 10 10 10 10 10 10 10 10 10 10 11 11 11 11 11 11 11 1
staticfield java/security/ProtectionDomain debug Lsun/security/util/Debug; null
ciInstanceKlass java/security/AccessControlContext 1 1 302 8 8 8 8 8 8 8 8 8 8 8 8 8 7 1 1 1 1 1 1 1 1 1 1 1 1 1 1 1 1 1 1 1 1 1 1 1 1 1 1 1 1 1 1 1 1 1 1 1 1 1 1 1 1 1 1 1 1 1 1 1 1 1 1 1 1 1 1 1 1 1 1 1 1 1 1 1 1 1 1 1 1 1 1 1 1 1 1 1 1 1 1 1 1 1 1 1 1 1 1 1 1 1 1 1 1 1 1 1 1 1 1 1 1 1 1 1 1 1 1 1 100 7 100 100 7 100 100 7 100 100 7 100 100 7 100 100 7 100 7 100 100 100 100 1 1 1 1 1 1 1 1 1 1 1 1 1 1 1 1 1 1 1 1 1 1 1 1 1 1 1 1 1 1 1 1 1 1 12 12 12 12 12 12 12 12 12 12 12 12 12 12 12 12 12 12 12 12 12 12 12 12 12 12 12 12 12 12 12 12 12 12 12 12 12 12 12 12 12 12 12 12 12 12 12 12 12 12 12 12 12 12 12 12 12 12 9 9 9 9 9 9 9 9 9 9 9 9 9 9 10 10 10 10 10 10 10 10 10 10 10 10 10 10 10 10 10 10 10 10 10 10 10 10 10 10 10 10 10 10 10 10 10 10 10 10 10 10 10 10 10 10 10 10 10 11 11 11 11 11 11
instanceKlass sun/reflect/misc/MethodUtil
instanceKlass java/net/URLClassLoader
ciInstanceKlass java/security/SecureClassLoader 1 1 127 8 8 8 8 1 1 1 1 1 1 1 1 1 1 1 1 1 1 1 1 1 1 1 1 1 1 1 1 1 1 1 1 1 1 1 1 1 1 1 1 1 1 1 1 1 1 1 1 7 100 100 100 100 7 100 7 7 7 7 7 1 1 1 1 1 1 1 1 1 1 1 1 1 1 1 1 1 1 12 12 12 12 12 12 12 12 12 12 12 12 12 12 12 12 12 12 12 12 12 12 12 9 9 9 10 10 10 10 10 10 10 10 10 10 10 10 10 10 10 10 10 10 10 10 10 10
staticfield java/security/SecureClassLoader debug Lsun/security/util/Debug; null
instanceKlass java/lang/reflect/InvocationTargetException
instanceKlass java/lang/NoSuchMethodException
instanceKlass java/lang/NoSuchFieldException
instanceKlass java/lang/IllegalAccessException
instanceKlass java/lang/InstantiationException
instanceKlass java/lang/ClassNotFoundException
ciInstanceKlass java/lang/ReflectiveOperationException 1 1 24 1 1 1 1 1 1 1 1 1 1 5 0 7 100 1 12 12 12 12 10 10 10 10
ciInstanceKlass java/lang/ClassNotFoundException 1 1 29 1 1 1 1 1 1 1 1 1 1 1 1 1 1 5 0 100 7 100 1 1 1 12 12 12 9 10 10
instanceKlass java/lang/UnsatisfiedLinkError
instanceKlass java/lang/ClassFormatError
instanceKlass java/lang/IncompatibleClassChangeError
instanceKlass java/lang/BootstrapMethodError
instanceKlass java/lang/NoClassDefFoundError
ciInstanceKlass java/lang/LinkageError 1 1 21 1 1 1 1 1 1 1 1 1 5 0 7 100 1 12 12 12 10 10 10
ciInstanceKlass java/lang/NoClassDefFoundError 1 1 18 1 1 1 1 1 1 1 1 1 5 0 7 100 12 12 10 10
ciInstanceKlass java/lang/ClassCastException 1 1 18 1 1 1 1 1 1 1 1 1 5 0 100 100 12 12 10 10
ciInstanceKlass java/lang/ArrayStoreException 1 1 18 1 1 1 1 1 1 1 1 1 5 0 100 100 12 12 10 10
instanceKlass java/lang/InternalError
instanceKlass java/lang/StackOverflowError
instanceKlass java/lang/OutOfMemoryError
ciInstanceKlass java/lang/VirtualMachineError 1 1 24 1 1 1 1 1 1 1 1 1 1 5 0 100 100 1 12 12 12 12 10 10 10 10
ciInstanceKlass java/lang/OutOfMemoryError 1 1 18 1 1 1 1 1 1 1 1 1 5 0 100 100 12 12 10 10
ciInstanceKlass java/lang/StackOverflowError 1 1 18 1 1 1 1 1 1 1 1 1 5 0 100 100 12 12 10 10
ciInstanceKlass java/lang/IllegalMonitorStateException 1 1 18 1 1 1 1 1 1 1 1 1 5 0 100 100 12 12 10 10
instanceKlass java/lang/ref/PhantomReference
instanceKlass java/lang/ref/FinalReference
instanceKlass java/lang/ref/WeakReference
instanceKlass java/lang/ref/SoftReference
ciInstanceKlass java/lang/ref/Reference 1 1 131 8 1 1 1 1 1 1 1 1 1 1 1 1 1 1 1 1 1 1 1 1 1 1 1 1 1 1 1 1 1 1 1 1 1 1 1 1 1 1 1 1 1 1 1 1 1 1 1 1 1 1 1 1 1 100 7 100 7 7 100 7 7 7 7 7 7 7 1 1 1 1 1 1 1 1 1 1 1 1 1 1 1 1 12 12 12 12 12 12 12 12 12 12 12 12 12 12 12 12 12 12 12 12 12 12 9 9 9 9 9 9 9 10 10 10 10 10 10 10 10 10 10 10 10 10 10 10 10 1 1
instanceKlass sun/security/util/MemoryCache$SoftCacheEntry
instanceKlass sun/font/FontDesignMetrics$KeyReference
instanceKlass sun/font/StrikeCache$SoftDisposerRef
instanceKlass org/pushingpixels/substance/internal/utils/SoftHashMap$KeySoftReference
instanceKlass sun/misc/SoftCache$ValueCell
instanceKlass sun/util/locale/provider/LocaleResources$ResourceReference
instanceKlass java/util/ResourceBundle$BundleReference
instanceKlass java/lang/invoke/LambdaFormEditor$Transform
instanceKlass sun/util/locale/LocaleObjectCache$CacheEntry
ciInstanceKlass java/lang/ref/SoftReference 1 1 32 1 1 1 1 1 1 1 1 1 1 1 1 1 1 100 7 7 1 1 1 1 12 12 12 12 12 9 9 10 10 10
instanceKlass javax/swing/text/DefaultStyledDocument$AbstractChangeHandler$DocReference
instanceKlass com/sun/jna/CallbackReference
instanceKlass javax/swing/ActionPropertyChangeListener$OwnedWeakReference
instanceKlass javax/swing/text/GapContent$MarkData
instanceKlass sun/awt/image/ImageWatched$AccWeakReference
instanceKlass com/sun/java/swing/plaf/windows/DesktopProperty$WeakPCL
instanceKlass javax/swing/plaf/metal/MetalLookAndFeel$AATextListener
instanceKlass sun/nio/ch/SharedFileLockTable$FileLockReference
instanceKlass java/util/ResourceBundle$LoaderReference
instanceKlass java/lang/reflect/WeakCache$CacheValue
instanceKlass java/lang/reflect/Proxy$Key1
instanceKlass java/lang/reflect/WeakCache$CacheKey
instanceKlass java/io/ObjectStreamClass$FieldReflectorKey
instanceKlass java/io/ObjectStreamClass$WeakClassKey
instanceKlass java/lang/invoke/MethodType$ConcurrentWeakInternSet$WeakEntry
instanceKlass java/util/logging/LogManager$LoggerWeakRef
instanceKlass java/lang/ThreadLocal$ThreadLocalMap$Entry
instanceKlass java/lang/ClassValue$Entry
instanceKlass java/util/WeakHashMap$Entry
ciInstanceKlass java/lang/ref/WeakReference 1 1 17 1 1 1 1 1 1 7 100 1 1 1 1 12 12 10 10
instanceKlass java/lang/ref/Finalizer
ciInstanceKlass java/lang/ref/FinalReference 1 1 13 1 1 1 1 1 100 7 1 1 1 12 10
instanceKlass sun/misc/Cleaner
ciInstanceKlass java/lang/ref/PhantomReference 1 1 16 1 1 1 1 1 1 1 1 100 7 1 1 1 12 10
ciInstanceKlass sun/misc/Cleaner 1 1 71 1 1 1 1 1 1 1 1 1 1 1 1 1 1 1 1 1 1 1 1 1 1 1 1 1 7 100 7 7 100 7 100 1 1 1 1 1 1 1 1 1 1 1 1 12 12 12 12 12 12 12 12 12 12 12 12 12 9 9 9 9 9 10 10 10 10 10 10 10 11
staticfield sun/misc/Cleaner dummyQueue Ljava/lang/ref/ReferenceQueue; java/lang/ref/ReferenceQueue
ciInstanceKlass java/lang/ref/Finalizer 1 1 147 1 1 1 1 1 1 1 1 1 1 1 1 1 1 1 1 1 1 1 1 1 1 1 1 1 1 1 1 1 1 1 1 1 1 1 1 1 1 1 1 1 1 1 1 1 1 1 1 1 1 1 1 1 1 1 1 1 1 7 7 7 7 100 7 7 100 100 100 7 7 100 7 100 1 1 1 1 1 1 1 1 1 1 1 1 1 1 1 1 1 12 12 12 12 12 12 12 12 12 12 12 12 12 12 12 12 12 12 12 12 12 12 12 12 12 12 9 9 9 9 9 10 10 10 10 10 10 10 10 10 10 10 10 10 10 10 10 10 10 10 10 10 10 10 11 1
staticfield java/lang/ref/Finalizer lock Ljava/lang/Object; java/lang/Object
instanceKlass java/lang/ref/ReferenceQueue$Null
ciInstanceKlass java/lang/ref/ReferenceQueue 1 1 127 8 7 1 1 1 1 1 1 1 1 1 1 1 1 1 1 1 1 1 1 1 1 1 1 1 1 1 1 1 1 1 1 1 1 1 1 1 1 1 1 1 1 1 1 1 1 1 1 1 1 1 1 1 5 0 100 7 100 100 7 100 100 7 7 100 7 7 100 7 1 1 1 1 1 1 1 1 1 1 1 1 1 1 1 1 12 12 12 12 12 12 12 12 12 12 12 12 12 12 12 12 12 12 12 9 9 9 9 9 9 9 9 10 10 10 10 10 10 10 10 10 10 10 10 11 1
staticfield java/lang/ref/ReferenceQueue $assertionsDisabled Z 1
instanceKlass com/jpexs/decompiler/flash/gui/MainPanel$8
instanceKlass java/util/TimerThread
instanceKlass com/jpexs/javactivex/ActiveXControl$2
instanceKlass com/jpexs/decompiler/flash/gui/player/FlashPlayerPanel$3
instanceKlass org/pushingpixels/flamingo/internal/utils/KeyTipManager$ProcessingThread
instanceKlass com/jpexs/decompiler/flash/gui/pipes/PipeOutputStream$1
instanceKlass com/jpexs/debugger/flash/Debugger$1
instanceKlass com/jpexs/decompiler/flash/gui/debugger/Debugger$DebugServerThread
instanceKlass org/pushingpixels/trident/TimelineEngine$TridentAnimationThread
instanceKlass org/pushingpixels/trident/TimelineEngine$TimelineCallbackThread
instanceKlass sun/awt/image/ImageFetcher
instanceKlass org/pushingpixels/lafwidget/utils/TrackableThread
instanceKlass java/awt/EventDispatchThread
instanceKlass com/jpexs/helpers/Cache$1
instanceKlass java/util/logging/LogManager$Cleaner
instanceKlass java/lang/ref/Finalizer$FinalizerThread
instanceKlass java/lang/ref/Reference$ReferenceHandler
ciInstanceKlass java/lang/Thread 1 1 536 3 3 8 8 8 8 8 8 8 8 8 8 8 8 7 1 1 1 1 1 1 1 1 1 1 1 1 1 1 1 1 1 1 1 1 1 1 1 1 1 1 1 1 1 1 1 1 1 1 1 1 1 1 1 1 1 1 1 1 1 1 1 1 1 1 1 1 1 1 1 1 1 1 1 1 1 1 1 1 1 1 1 1 1 1 1 1 1 1 1 1 1 1 1 1 1 1 1 1 1 1 1 1 1 1 1 1 1 1 1 1 1 1 1 1 1 1 1 1 1 1 1 1 1 1 1 1 1 1 1 1 1 1 1 1 1 1 1 1 1 1 1 1 1 1 1 1 1 1 1 1 1 1 1 1 1 1 1 1 1 1 1 1 1 1 1 1 1 1 1 1 1 1 1 1 1 1 1 1 1 1 1 1 1 1 1 1 1 1 1 1 1 1 1 1 1 1 1 1 1 1 1 1 1 1 1 1 1 1 1 1 1 1 1 1 1 1 1 1 1 1 1 3 3 3 100 100 100 100 100 100 100 100 100 100 100 100 7 7 7 100 7 100 7 7 100 100 100 100 100 100 7 7 100 100 100 100 100 100 7 100 100 100 100 100 100 100 1 1 1 1 1 1 1 1 1 1 1 1 1 1 1 1 1 1 1 1 1 1 1 1 1 1 1 1 1 1 1 1 1 1 1 1 1 1 1 1 1 1 1 1 1 1 1 1 1 1 1 1 1 1 1 1 1 1 12 12 12 12 12 12 12 12 12 12 12 12 12 12 12 12 12 12 12 12 12 12 12 12 12 12 12 12 12 12 12 12 12 12 12 12 12 12 12 12 12 12 12 12 12 12 12 12 12 12 12 12 12 12 12 12 12 12 12 12 12 12 12 12 12 12 12 12 12 12 12 12 12 12 12 12 12 12 12 12 12 12 12 12 12 12 12 12 12 12 12 12 12 12 12 12 9 9 9 9 9 9 9 9 9 9 9 9 9 9 9 9 9 9 9 9 9 9 9 9 9 9 10 10 10 10 10 10 10 10 10 10 10 10 10 10 10 10 10 10 10 10 10 10 10 10 10 10 10 10 10 10 10 10 10 10 10 10 10 10 10 10 10 10 10 10 10 10 10 10 10 10 10 10 10 10 10 10 10 10 10 10 10 10 10 10 10 10 10 10 10 10 10 10 10 10 10 10 10 11 11 11 11 11 11 11 1 1 1 1
staticfield java/lang/Thread EMPTY_STACK_TRACE [Ljava/lang/StackTraceElement; 0 [Ljava/lang/StackTraceElement;
staticfield java/lang/Thread SUBCLASS_IMPLEMENTATION_PERMISSION Ljava/lang/RuntimePermission; java/lang/RuntimePermission
ciInstanceKlass java/lang/ThreadGroup 1 1 265 8 8 8 8 8 8 8 1 1 1 1 1 1 1 1 1 1 1 1 1 1 1 1 1 1 1 1 1 1 1 1 1 1 1 1 1 1 1 1 1 1 1 1 1 1 1 1 1 1 1 1 1 1 1 1 1 1 1 1 1 1 1 1 1 1 1 1 1 1 1 1 1 1 1 1 1 1 1 1 1 1 1 1 1 1 1 1 1 1 1 1 1 1 1 1 1 1 1 1 1 1 1 1 1 1 1 7 100 100 100 100 100 7 100 100 7 7 100 100 7 100 7 100 1 1 1 1 1 1 1 1 1 1 1 1 1 1 1 1 1 1 1 1 1 1 1 1 1 1 1 12 12 12 12 12 12 12 12 12 12 12 12 12 12 12 12 12 12 12 12 12 12 12 12 12 12 12 12 12 12 12 12 12 12 12 12 12 12 12 12 12 12 12 12 12 12 12 12 12 12 12 12 12 9 9 9 9 9 9 9 9 9 9 9 9 9 10 10 10 10 10 10 10 10 10 10 10 10 10 10 10 10 10 10 10 10 10 10 10 10 10 10 10 10 10 10 10 10 10 10 10 10 10 10 10 10 10 10 10 10 10 10 11 1
instanceKlass java/util/Hashtable
ciInstanceKlass java/util/Dictionary 1 1 28 1 1 1 1 1 1 1 1 1 1 1 1 1 1 1 1 1 7 100 1 1 1 1 1 1 12 10
instanceKlass javax/swing/UIDefaults
instanceKlass java/util/Properties
ciInstanceKlass java/util/Hashtable 1 1 413 3 3 4 4 8 8 8 8 8 8 100 1 1 1 1 1 1 1 1 1 1 1 1 1 1 1 1 1 1 1 1 1 1 1 1 1 1 1 1 1 1 1 1 1 1 1 1 1 1 1 1 1 1 1 1 1 1 1 1 1 1 1 1 1 1 1 1 1 1 1 1 1 1 1 1 1 1 1 1 1 1 1 1 1 1 1 1 1 1 1 1 1 1 1 1 1 1 1 1 1 1 1 1 1 1 1 1 1 1 1 1 1 1 1 1 1 1 1 1 1 1 1 1 1 1 1 1 1 1 1 1 1 1 1 1 1 1 1 1 1 1 1 1 1 1 1 1 1 1 1 1 1 1 1 1 1 1 1 1 1 1 1 1 1 1 3 3 3 5 0 100 100 100 100 100 100 100 100 100 100 7 100 100 7 100 7 100 100 100 7 100 7 7 100 7 7 7 7 100 7 7 7 100 7 100 100 100 100 100 1 1 1 1 1 1 1 1 1 1 1 1 1 1 1 1 1 1 1 1 1 1 1 1 1 1 1 1 1 1 1 1 1 1 1 1 1 1 1 1 1 1 1 1 1 1 1 1 1 1 1 1 1 1 1 1 12 12 12 12 12 12 12 12 12 12 12 12 12 12 12 12 12 12 12 12 12 12 12 12 12 12 12 12 12 12 12 12 12 12 12 12 12 12 12 12 12 12 12 12 12 12 12 12 12 12 12 12 12 12 12 12 12 12 12 12 12 12 12 12 12 9 9 9 9 9 9 9 9 9 9 9 9 10 10 10 10 10 10 10 10 10 10 10 10 10 10 10 10 10 10 10 10 10 10 10 10 10 10 10 10 10 10 10 10 10 10 10 10 10 10 10 10 10 10 10 10 10 10 10 10 10 10 10 10 10 11 11 11 11 11 11 11 11 11 11 11 11 11 1 1 1 1
instanceKlass java/security/Provider
ciInstanceKlass java/util/Properties 1 1 260 3 8 8 8 8 8 8 8 1 1 1 1 1 1 1 1 1 1 1 1 1 1 1 1 1 1 1 1 1 1 1 1 1 1 1 1 1 1 1 1 1 1 1 1 1 1 1 1 1 1 1 1 1 1 1 1 1 1 1 1 1 1 1 1 1 1 1 1 1 1 1 1 1 1 1 1 1 1 1 1 1 1 1 1 1 1 1 1 1 1 1 1 1 1 1 1 1 1 1 1 1 1 1 5 0 100 100 100 100 100 100 100 100 100 100 100 7 100 100 100 100 7 7 100 100 7 7 100 1 1 1 1 1 1 1 1 1 1 1 1 1 1 1 1 1 1 1 1 1 1 1 1 1 1 1 1 1 1 1 12 12 12 12 12 12 12 12 12 12 12 12 12 12 12 12 12 12 12 12 12 12 12 12 12 12 12 12 12 12 12 12 12 12 12 12 12 12 12 12 12 12 12 12 12 9 9 9 10 10 10 10 10 10 10 10 10 10 10 10 10 10 10 10 10 10 10 10 10 10 10 10 10 10 10 10 10 10 10 10 10 10 10 10 10 10 10 10 10 10 10 10 10 10 10 10 11 11 1 1
staticfield java/util/Properties hexDigit [C 16
instanceKlass java/lang/reflect/Executable
instanceKlass java/lang/reflect/Field
ciInstanceKlass java/lang/reflect/AccessibleObject 1 1 141 8 8 8 7 1 1 1 1 1 1 1 1 1 1 1 1 1 1 1 1 1 1 1 1 1 1 1 1 1 1 1 1 1 1 1 1 1 1 1 1 1 1 1 1 1 1 1 1 1 1 1 1 1 1 1 1 1 1 1 1 1 100 100 100 7 100 100 7 7 100 7 7 7 7 7 7 7 1 1 1 1 1 1 1 1 1 1 1 1 1 1 1 1 1 1 1 1 12 12 12 12 12 12 12 12 12 12 12 12 12 12 12 12 12 12 12 12 9 9 9 9 10 10 10 10 10 10 10 10 10 10 10 10 10 10 10 10 10 11 1
staticfield java/lang/reflect/AccessibleObject ACCESS_PERMISSION Ljava/security/Permission; java/lang/reflect/ReflectPermission
staticfield java/lang/reflect/AccessibleObject reflectionFactory Lsun/reflect/ReflectionFactory; sun/reflect/ReflectionFactory
ciInstanceKlass java/lang/reflect/Field 1 1 359 8 8 8 8 1 1 1 1 1 1 1 1 1 1 1 1 1 1 1 1 1 1 1 1 1 1 1 1 1 1 1 1 1 1 1 1 1 1 1 1 1 1 1 1 1 1 1 1 1 1 1 1 1 1 1 1 1 1 1 1 1 1 1 1 1 1 1 1 1 1 1 1 1 1 1 1 1 1 1 1 1 1 1 1 1 1 1 1 1 1 1 1 1 1 1 1 1 1 1 1 1 1 1 1 1 1 1 1 1 1 1 1 1 1 1 1 1 1 1 1 1 1 1 1 1 1 1 1 1 1 7 100 100 100 100 7 7 7 100 100 100 7 7 7 7 7 7 7 7 100 100 100 100 7 7 7 1 1 1 1 1 1 1 1 1 1 1 1 1 1 1 1 1 1 1 1 1 1 1 1 1 1 1 1 1 1 1 1 1 1 1 1 1 1 1 1 1 1 1 1 1 1 1 1 1 1 1 1 1 1 12 12 12 12 12 12 12 12 12 12 12 12 12 12 12 12 12 12 12 12 12 12 12 12 12 12 12 12 12 12 12 12 12 12 12 12 12 12 12 12 12 12 12 12 12 12 12 12 12 12 12 12 12 12 12 12 12 12 12 12 12 12 12 12 12 12 12 12 12 12 12 9 9 9 9 9 9 9 9 9 9 9 9 9 9 9 10 10 10 10 10 10 10 10 10 10 10 10 10 10 10 10 10 10 10 10 10 10 10 10 10 10 10 10 10 10 10 10 10 10 10 10 10 10 10 10 11 11 11 11 11 11 11 11 11 11 11 11 11 11 11 11 11 11 11 11 11 1
ciInstanceKlass java/lang/reflect/Parameter 0 0 207 8 8 8 8 1 1 1 1 1 1 1 1 1 1 1 1 1 1 1 1 1 1 1 1 1 1 1 1 1 1 1 1 1 1 1 1 1 1 1 1 1 1 1 1 1 1 1 1 1 1 1 1 1 1 1 1 1 1 1 1 1 1 1 1 1 1 1 1 1 1 1 1 1 1 1 1 1 1 1 1 1 100 100 100 100 100 100 100 100 100 100 100 100 100 100 100 1 1 1 1 1 1 1 1 1 1 1 1 1 1 1 1 1 1 1 1 1 1 1 1 1 1 1 1 12 12 12 12 12 12 12 12 12 12 12 12 12 12 12 12 12 12 12 12 12 12 12 12 12 12 12 12 12 12 12 12 12 12 12 12 12 12 12 9 9 9 9 9 9 9 10 10 10 10 10 10 10 10 10 10 10 10 10 10 10 10 10 10 10 10 10 10 10 10 10 10 10 10 10 10 10 10 11 11 11 11
instanceKlass java/lang/reflect/Constructor
instanceKlass java/lang/reflect/Method
ciInstanceKlass java/lang/reflect/Executable 1 1 375 3 8 8 8 8 8 8 8 8 8 8 8 8 8 8 1 1 1 1 1 1 1 1 1 1 1 1 1 1 1 1 1 1 1 1 1 1 1 1 1 1 1 1 1 1 1 1 1 1 1 1 1 1 1 1 1 1 1 1 1 1 1 1 1 1 1 1 1 1 1 1 1 1 1 1 1 1 1 1 1 1 1 1 1 1 1 1 1 1 1 1 1 1 1 1 1 1 1 1 1 1 1 1 1 1 1 1 1 1 1 1 1 1 1 1 1 1 1 1 1 1 1 1 1 1 1 1 1 1 1 1 1 1 1 1 1 1 1 1 1 1 1 1 1 1 1 1 1 1 100 100 100 100 100 100 7 100 100 100 100 100 7 7 7 100 100 100 7 100 100 100 7 7 7 7 7 100 100 100 100 100 1 1 1 1 1 1 1 1 1 1 1 1 1 1 1 1 1 1 1 1 1 1 1 1 1 1 1 1 1 1 1 1 1 1 1 1 1 1 1 1 1 1 1 1 1 1 1 1 1 1 1 12 12 12 12 12 12 12 12 12 12 12 12 12 12 12 12 12 12 12 12 12 12 12 12 12 12 12 12 12 12 12 12 12 12 12 12 12 12 12 12 12 12 12 12 12 12 12 12 12 12 12 12 12 12 12 12 12 12 12 12 12 12 12 12 12 12 12 12 9 9 9 9 9 9 9 10 10 10 10 10 10 10 10 10 10 10 10 10 10 10 10 10 10 10 10 10 10 10 10 10 10 10 10 10 10 10 10 10 10 10 10 10 10 10 10 10 10 10 10 10 10 10 10 10 10 10 10 10 10 10 10 10 10 10 10 10 10 10 11 11 11 1
ciInstanceKlass java/lang/reflect/Method 1 1 343 8 8 8 1 1 1 1 1 1 1 1 1 1 1 1 1 1 1 1 1 1 1 1 1 1 1 1 1 1 1 1 1 1 1 1 1 1 1 1 1 1 1 1 1 1 1 1 1 1 1 1 1 1 1 1 1 1 1 1 1 1 1 1 1 1 1 1 1 1 1 1 1 1 1 1 1 1 1 1 1 1 1 1 1 1 1 1 1 1 1 1 1 1 1 1 1 1 1 1 1 1 1 1 1 1 1 1 1 1 1 1 1 1 1 1 1 1 1 1 1 1 1 1 1 1 1 1 1 1 7 100 7 7 7 7 7 100 100 7 7 7 100 100 100 7 7 7 7 7 7 7 7 7 100 100 100 1 1 1 1 1 1 1 1 1 1 1 1 1 1 1 1 1 1 1 1 1 1 1 1 1 1 1 1 1 1 1 1 1 1 1 1 1 1 1 1 1 1 1 1 1 1 1 1 12 12 12 12 12 12 12 12 12 12 12 12 12 12 12 12 12 12 12 12 12 12 12 12 12 12 12 12 12 12 12 12 12 12 12 12 12 12 12 12 12 12 12 12 12 12 12 12 12 12 12 12 12 12 12 12 12 12 12 12 12 12 12 12 12 12 12 9 9 9 9 9 9 9 9 9 9 9 9 9 9 9 9 10 10 10 10 10 10 10 10 10 10 10 10 10 10 10 10 10 10 10 10 10 10 10 10 10 10 10 10 10 10 10 10 10 10 10 10 10 10 10 10 10 10 10 10 10 10 10 10 10 10 10 10 11 11 11
ciInstanceKlass java/lang/reflect/Constructor 1 1 327 8 8 8 1 1 1 1 1 1 1 1 1 1 1 1 1 1 1 1 1 1 1 1 1 1 1 1 1 1 1 1 1 1 1 1 1 1 1 1 1 1 1 1 1 1 1 1 1 1 1 1 1 1 1 1 1 1 1 1 1 1 1 1 1 1 1 1 1 1 1 1 1 1 1 1 1 1 1 1 1 1 1 1 1 1 1 1 1 1 1 1 1 1 1 1 1 1 1 1 1 1 1 1 1 1 1 1 1 1 1 1 1 1 1 1 1 1 1 1 1 1 1 1 1 1 1 1 7 100 7 100 100 100 100 100 100 7 7 100 100 100 100 100 7 7 7 100 100 100 100 100 100 1 1 1 1 1 1 1 1 1 1 1 1 1 1 1 1 1 1 1 1 1 1 1 1 1 1 1 1 1 1 1 1 1 1 1 1 1 1 1 1 1 1 1 1 1 1 1 1 12 12 12 12 12 12 12 12 12 12 12 12 12 12 12 12 12 12 12 12 12 12 12 12 12 12 12 12 12 12 12 12 12 12 12 12 12 12 12 12 12 12 12 12 12 12 12 12 12 12 12 12 12 12 12 12 12 12 12 12 12 12 9 9 9 9 9 9 9 9 9 9 9 9 9 9 10 10 10 10 10 10 10 10 10 10 10 10 10 10 10 10 10 10 10 10 10 10 10 10 10 10 10 10 10 10 10 10 10 10 10 10 10 10 10 10 10 10 10 10 10 10 10 11 11 1
instanceKlass sun/reflect/FieldAccessorImpl
instanceKlass sun/reflect/ConstructorAccessorImpl
instanceKlass sun/reflect/MethodAccessorImpl
ciInstanceKlass sun/reflect/MagicAccessorImpl 1 1 10 1 1 1 1 1 7 100 12 10
instanceKlass sun/reflect/GeneratedMethodAccessor24
instanceKlass sun/reflect/GeneratedMethodAccessor23
instanceKlass sun/reflect/GeneratedMethodAccessor22
instanceKlass sun/reflect/GeneratedMethodAccessor21
instanceKlass sun/reflect/GeneratedMethodAccessor20
instanceKlass sun/reflect/GeneratedMethodAccessor19
instanceKlass sun/reflect/GeneratedMethodAccessor18
instanceKlass sun/reflect/GeneratedMethodAccessor17
instanceKlass sun/reflect/GeneratedMethodAccessor16
instanceKlass sun/reflect/GeneratedMethodAccessor15
instanceKlass sun/reflect/GeneratedMethodAccessor14
instanceKlass sun/reflect/GeneratedMethodAccessor13
instanceKlass sun/reflect/GeneratedMethodAccessor12
instanceKlass sun/reflect/GeneratedMethodAccessor11
instanceKlass sun/reflect/GeneratedMethodAccessor10
instanceKlass sun/reflect/GeneratedMethodAccessor9
instanceKlass sun/reflect/GeneratedMethodAccessor8
instanceKlass sun/reflect/GeneratedMethodAccessor7
instanceKlass sun/reflect/GeneratedMethodAccessor6
instanceKlass sun/reflect/GeneratedMethodAccessor5
instanceKlass sun/reflect/GeneratedMethodAccessor4
instanceKlass sun/reflect/GeneratedMethodAccessor3
instanceKlass sun/reflect/GeneratedMethodAccessor2
instanceKlass sun/reflect/GeneratedMethodAccessor1
instanceKlass sun/reflect/DelegatingMethodAccessorImpl
instanceKlass sun/reflect/NativeMethodAccessorImpl
ciInstanceKlass sun/reflect/MethodAccessorImpl 1 1 19 1 1 1 1 1 1 1 1 1 1 1 100 100 7 100 100 12 10
instanceKlass sun/reflect/GeneratedConstructorAccessor25
instanceKlass sun/reflect/GeneratedConstructorAccessor24
instanceKlass sun/reflect/GeneratedConstructorAccessor23
instanceKlass sun/reflect/GeneratedConstructorAccessor22
instanceKlass sun/reflect/GeneratedConstructorAccessor21
instanceKlass sun/reflect/GeneratedConstructorAccessor20
instanceKlass sun/reflect/GeneratedConstructorAccessor19
instanceKlass sun/reflect/GeneratedConstructorAccessor18
instanceKlass sun/reflect/GeneratedConstructorAccessor17
instanceKlass sun/reflect/GeneratedConstructorAccessor16
instanceKlass sun/reflect/GeneratedConstructorAccessor15
instanceKlass sun/reflect/GeneratedConstructorAccessor14
instanceKlass sun/reflect/GeneratedConstructorAccessor13
instanceKlass sun/reflect/GeneratedConstructorAccessor12
instanceKlass sun/reflect/GeneratedConstructorAccessor11
instanceKlass sun/reflect/GeneratedConstructorAccessor10
instanceKlass sun/reflect/GeneratedConstructorAccessor9
instanceKlass sun/reflect/GeneratedConstructorAccessor8
instanceKlass sun/reflect/GeneratedConstructorAccessor7
instanceKlass sun/reflect/GeneratedConstructorAccessor6
instanceKlass sun/reflect/GeneratedConstructorAccessor5
instanceKlass sun/reflect/GeneratedConstructorAccessor4
instanceKlass sun/reflect/GeneratedConstructorAccessor3
instanceKlass sun/reflect/GeneratedConstructorAccessor2
instanceKlass sun/reflect/GeneratedConstructorAccessor1
instanceKlass sun/reflect/BootstrapConstructorAccessorImpl
instanceKlass sun/reflect/SerializationConstructorAccessorImpl
instanceKlass sun/reflect/DelegatingConstructorAccessorImpl
instanceKlass sun/reflect/NativeConstructorAccessorImpl
ciInstanceKlass sun/reflect/ConstructorAccessorImpl 1 1 21 1 1 1 1 1 1 1 1 1 1 1 1 100 100 100 100 100 7 12 10
ciInstanceKlass sun/reflect/DelegatingClassLoader 1 1 10 1 1 1 1 7 100 1 12 10
ciInstanceKlass sun/reflect/ConstantPool 1 1 103 8 7 1 1 1 1 1 1 1 1 1 1 1 1 1 1 1 1 1 1 1 1 1 1 1 1 1 1 1 1 1 1 1 1 1 1 1 1 1 1 1 1 1 1 1 1 1 1 100 7 7 1 1 1 1 1 1 1 1 1 1 1 1 1 1 1 1 1 12 12 12 12 12 12 12 12 12 12 12 12 12 12 12 12 12 9 10 10 10 10 10 10 10 10 10 10 10 10 10 10 10 10
instanceKlass sun/reflect/UnsafeFieldAccessorImpl
ciInstanceKlass sun/reflect/FieldAccessorImpl 1 1 53 1 1 1 1 1 1 1 1 1 1 1 1 1 1 1 1 1 1 1 1 1 1 1 1 1 1 1 1 1 1 1 1 100 100 100 100 7 1 1 1 1 1 1 1 1 1 1 1 1 1 12 10
instanceKlass sun/reflect/UnsafeBooleanFieldAccessorImpl
instanceKlass sun/reflect/UnsafeObjectFieldAccessorImpl
instanceKlass sun/reflect/UnsafeIntegerFieldAccessorImpl
instanceKlass sun/reflect/UnsafeStaticFieldAccessorImpl
ciInstanceKlass sun/reflect/UnsafeFieldAccessorImpl 1 1 226 8 8 8 8 8 8 8 8 8 8 8 8 8 8 8 8 8 8 8 8 8 8 1 1 1 1 1 1 1 1 1 1 1 1 1 1 1 1 1 1 1 1 1 1 1 1 1 1 1 1 1 1 1 1 1 1 1 1 1 1 1 1 1 1 1 1 1 1 1 1 1 1 1 1 1 1 1 1 1 1 1 1 1 1 1 1 1 1 1 1 1 1 1 1 1 1 1 1 1 1 1 1 1 1 1 1 1 1 1 1 1 1 1 1 1 1 1 100 100 100 7 100 100 100 100 100 100 7 100 100 100 7 7 7 7 7 1 1 1 1 1 1 1 1 1 1 1 1 1 1 1 1 1 1 12 12 12 12 12 12 12 12 12 12 12 12 12 12 12 12 12 12 12 12 12 12 12 12 12 12 12 12 12 12 12 12 12 12 9 9 9 9 10 10 10 10 10 10 10 10 10 10 10 10 10 10 10 10 10 10 10 10 10 10 10 10 10 10 10 10 10 10 10 10 10
staticfield sun/reflect/UnsafeFieldAccessorImpl unsafe Lsun/misc/Unsafe; sun/misc/Unsafe
instanceKlass sun/reflect/UnsafeStaticObjectFieldAccessorImpl
instanceKlass sun/reflect/UnsafeQualifiedStaticFieldAccessorImpl
ciInstanceKlass sun/reflect/UnsafeStaticFieldAccessorImpl 1 1 35 8 7 1 1 1 1 1 1 1 1 1 1 1 1 1 1 7 7 7 7 1 1 1 1 12 12 12 12 12 9 9 10 10 10
ciInstanceKlass sun/reflect/CallerSensitive 0 0 15 1 1 1 1 1 1 1 100 100 100 1 1 1 1
instanceKlass java/lang/invoke/DelegatingMethodHandle
instanceKlass java/lang/invoke/BoundMethodHandle
instanceKlass java/lang/invoke/DirectMethodHandle
ciInstanceKlass java/lang/invoke/MethodHandle 1 1 435 8 8 8 8 8 8 8 8 8 8 8 8 8 7 1 1 1 1 1 1 1 1 1 1 1 1 1 1 1 1 1 1 1 1 1 1 1 1 1 1 1 1 1 1 1 1 1 1 1 1 1 1 1 1 1 1 1 1 1 1 1 1 1 1 1 1 1 1 1 1 1 1 1 1 1 1 1 1 1 1 1 1 1 1 1 1 1 1 1 1 1 1 1 1 1 1 1 1 1 1 1 1 1 1 1 1 1 1 1 1 1 1 1 1 1 1 1 1 1 1 1 1 1 1 1 1 1 1 1 1 1 1 1 1 1 1 1 1 1 1 1 1 1 1 1 1 1 1 1 1 1 1 1 1 1 1 1 1 1 1 1 1 1 1 1 1 1 1 1 100 7 100 100 100 100 7 100 100 100 7 100 100 7 7 7 100 7 7 7 7 100 100 100 7 1 1 1 1 1 1 1 1 1 1 1 1 1 1 1 1 1 1 1 1 1 1 1 1 1 1 1 1 1 1 1 1 1 1 1 1 1 1 1 1 1 1 1 1 1 1 1 1 1 1 1 1 1 1 1 1 1 1 1 1 1 1 1 1 1 1 1 12 12 12 12 12 12 12 12 12 12 12 12 12 12 12 12 12 12 12 12 12 12 12 12 12 12 12 12 12 12 12 12 12 12 12 12 12 12 12 12 12 12 12 12 12 12 12 12 12 12 12 12 12 12 12 12 12 12 12 12 12 12 12 12 12 12 12 12 12 12 12 12 12 12 12 12 12 12 12 12 12 12 12 9 9 9 9 9 9 9 9 9 9 9 9 10 10 10 10 10 10 10 10 10 10 10 10 10 10 10 10 10 10 10 10 10 10 10 10 10 10 10 10 10 10 10 10 10 10 10 10 10 10 10 10 10 10 10 10 10 10 10 10 10 10 10 10 10 10 10 10 10 10 10 10 10 10 10 10 10 10 10 10 10 10 10 10 10 10 10 11 1 1
staticfield java/lang/invoke/MethodHandle FORM_OFFSET J 20
staticfield java/lang/invoke/MethodHandle $assertionsDisabled Z 1
instanceKlass java/lang/invoke/DirectMethodHandle$Constructor
instanceKlass java/lang/invoke/DirectMethodHandle$Special
instanceKlass java/lang/invoke/DirectMethodHandle$Accessor
instanceKlass java/lang/invoke/DirectMethodHandle$Interface
ciInstanceKlass java/lang/invoke/DirectMethodHandle 1 1 698 8 8 8 8 8 8 8 8 8 8 8 8 8 8 8 8 8 8 8 8 8 7 7 7 7 7 7 7 7 7 7 7 1 1 1 1 1 1 1 1 1 1 1 1 1 1 1 1 1 1 1 1 1 1 1 1 1 1 1 1 1 1 1 1 1 1 1 1 1 1 1 1 1 1 1 1 1 1 1 1 1 1 1 1 1 1 1 1 1 1 1 1 1 1 1 1 1 1 1 1 1 1 1 1 1 1 1 1 1 1 1 1 1 1 1 1 1 1 1 1 1 1 1 1 1 1 1 1 1 1 1 1 1 1 1 1 1 1 1 1 1 1 1 1 1 1 1 1 1 1 1 1 1 1 1 1 1 1 1 1 1 1 1 1 1 1 1 1 1 1 1 1 1 1 1 1 1 1 1 1 1 1 1 1 1 1 1 1 1 1 1 1 1 1 1 1 1 1 1 1 1 1 1 1 1 1 1 1 1 1 1 1 1 1 1 1 1 1 1 1 1 1 1 1 1 1 1 1 1 1 1 1 1 1 1 1 1 1 1 1 1 1 1 1 1 1 1 1 1 1 1 1 1 1 1 1 1 1 1 1 1 100 100 7 7 7 100 7 100 7 7 100 7 7 100 7 7 100 100 7 7 100 7 7 100 7 7 100 7 7 7 100 100 100 7 7 7 7 1 1 1 1 1 1 1 1 1 1 1 1 1 1 1 1 1 1 1 1 1 1 1 1 1 1 1 1 1 1 1 1 1 1 1 1 1 1 1 1 1 1 1 1 1 1 1 1 1 1 1 1 1 1 1 1 1 1 1 1 1 1 1 1 1 1 1 1 1 1 1 1 1 1 1 1 1 1 1 12 12 12 12 12 12 12 12 12 12 12 12 12 12 12 12 12 12 12 12 12 12 12 12 12 12 12 12 12 12 12 12 12 12 12 12 12 12 12 12 12 12 12 12 12 12 12 12 12 12 12 12 12 12 12 12 12 12 12 12 12 12 12 12 12 12 12 12 12 12 12 12 12 12 12 12 12 12 12 12 12 12 12 12 12 12 12 12 12 12 12 12 12 12 12 12 12 12 12 12 12 12 12 12 12 12 12 12 12 12 12 12 12 12 12 12 12 12 12 12 12 12 12 12 12 12 12 12 12 12 12 12 12 12 12 12 12 12 12 12 12 12 12 12 12 12 12 12 12 12 12 12 9 9 9 9 9 9 9 9 9 9 9 9 9 9 9 9 9 9 9 9 9 9 9 9 9 9 9 9 9 9 9 9 9 9 9 9 10 10 10 10 10 10 10 10 10 10 10 10 10 10 10 10 10 10 10 10 10 10 10 10 10 10 10 10 10 10 10 10 10 10 10 10 10 10 10 10 10 10 10 10 10 10 10 10 10 10 10 10 10 10 10 10 10 10 10 10 10 10 10 10 10 10 10 10 10 10 10 10 10 10 10 10 10 10 10 10 10 10 10 10 10 10 10 10 10 10 10 10 10 10 10 10 10 10 10 10 10 10 10 10 10 10 10 10 10 10 10 10 10 10 10 10 10 10 10 10 10 10 10 1 1 1 1 1 1 1 1 1
staticfield java/lang/invoke/DirectMethodHandle IMPL_NAMES Ljava/lang/invoke/MemberName$Factory; java/lang/invoke/MemberName$Factory
staticfield java/lang/invoke/DirectMethodHandle ACCESSOR_FORMS [Ljava/lang/invoke/LambdaForm; 132 [Ljava/lang/invoke/LambdaForm;
staticfield java/lang/invoke/DirectMethodHandle $assertionsDisabled Z 1
ciInstanceKlass java/lang/invoke/MemberName 1 1 639 3 3 3 3 3 3 3 3 3 3 3 8 8 8 8 8 8 8 8 8 8 8 8 8 8 8 8 8 8 8 8 8 8 8 8 8 8 8 8 8 8 8 7 7 7 100 1 1 1 1 1 1 1 1 1 1 1 1 1 1 1 1 1 1 1 1 1 1 1 1 1 1 1 1 1 1 1 1 1 1 1 1 1 1 1 1 1 1 1 1 1 1 1 1 1 1 1 1 1 1 1 1 1 1 1 1 1 1 1 1 1 1 1 1 1 1 1 1 1 1 1 1 1 1 1 1 1 1 1 1 1 1 1 1 1 1 1 1 1 1 1 1 1 1 1 1 1 1 1 1 1 1 1 1 1 1 1 1 1 1 1 1 1 1 1 1 1 1 1 1 1 1 1 1 1 1 1 1 1 1 1 1 1 1 1 1 1 1 1 1 1 1 1 1 1 1 1 1 1 1 1 1 1 1 1 1 1 1 1 1 1 1 1 1 1 1 1 1 1 1 1 1 1 1 1 1 1 1 1 1 1 1 1 1 1 1 1 1 1 1 1 1 1 1 1 1 1 1 1 1 1 1 1 1 1 1 1 1 1 1 1 1 1 1 1 1 1 1 1 1 1 1 1 1 1 3 3 3 3 3 3 3 3 7 7 100 100 100 7 7 100 100 100 100 100 100 100 100 100 7 100 7 7 7 7 7 100 7 7 100 100 100 100 7 100 100 100 7 7 7 100 7 1 1 1 1 1 1 1 1 1 1 1 1 1 1 1 1 1 1 1 1 1 1 1 1 1 1 1 1 1 1 1 1 1 1 1 1 1 1 1 1 1 1 1 1 1 1 1 1 1 1 1 1 1 1 1 1 1 1 1 1 1 1 1 1 12 12 12 12 12 12 12 12 12 12 12 12 12 12 12 12 12 12 12 12 12 12 12 12 12 12 12 12 12 12 12 12 12 12 12 12 12 12 12 12 12 12 12 12 12 12 12 12 12 12 12 12 12 12 12 12 12 12 12 12 12 12 12 12 12 12 12 12 12 12 12 12 12 12 12 12 12 12 12 12 12 12 12 12 12 12 12 12 12 12 12 12 12 12 12 12 12 12 12 12 12 12 12 12 12 12 12 12 12 12 12 12 12 9 9 9 9 9 9 9 9 9 9 10 10 10 10 10 10 10 10 10 10 10 10 10 10 10 10 10 10 10 10 10 10 10 10 10 10 10 10 10 10 10 10 10 10 10 10 10 10 10 10 10 10 10 10 10 10 10 10 10 10 10 10 10 10 10 10 10 10 10 10 10 10 10 10 10 10 10 10 10 10 10 10 10 10 10 10 10 10 10 10 10 10 10 10 10 10 10 10 10 10 10 10 10 10 10 10 10 10 10 10 10 10 10 10 10 10 10 10 10 10 10 10 10 10 10 10 10 10 10 10 10 10 10 10 10 10 1 1 1
staticfield java/lang/invoke/MemberName $assertionsDisabled Z 1
ciInstanceKlass java/lang/invoke/MethodHandleNatives 1 1 424 8 8 8 8 8 8 8 8 8 8 8 8 8 8 8 8 8 8 8 8 8 8 8 8 8 8 8 8 100 100 7 7 100 1 1 1 1 1 1 1 1 1 1 1 1 1 1 1 1 1 1 1 1 1 1 1 1 1 1 1 1 1 1 1 1 1 1 1 1 1 1 1 1 1 1 1 1 1 1 1 1 1 1 1 1 1 1 1 1 1 1 1 1 1 1 1 1 1 1 1 1 1 1 1 1 1 1 1 1 1 1 1 1 1 1 1 1 1 1 1 1 1 1 1 1 1 1 1 1 1 1 1 1 1 1 1 1 1 1 1 1 1 1 1 1 1 1 1 1 1 1 1 1 1 1 1 1 1 1 1 1 1 1 1 1 1 1 1 1 1 1 1 1 1 1 1 1 1 1 1 1 1 1 1 1 1 1 1 1 1 1 1 1 1 1 1 1 1 100 100 100 100 7 100 100 100 100 100 100 100 100 100 100 100 100 100 7 100 7 100 100 100 7 7 7 7 7 7 100 7 7 100 100 1 1 1 1 1 1 1 1 1 1 1 1 1 1 1 1 1 1 1 1 1 1 1 1 1 1 1 1 1 1 1 1 1 1 1 1 1 1 1 1 1 1 1 1 1 1 1 12 12 12 12 12 12 12 12 12 12 12 12 12 12 12 12 12 12 12 12 12 12 12 12 12 12 12 12 12 12 12 12 12 12 12 12 12 12 12 12 12 12 12 12 12 12 12 12 12 12 12 12 12 12 12 12 12 12 12 12 12 12 12 12 9 9 9 9 9 9 10 10 10 10 10 10 10 10 10 10 10 10 10 10 10 10 10 10 10 10 10 10 10 10 10 10 10 10 10 10 10 10 10 10 10 10 10 10 10 10 10 10 10 10 10 10 10 10 10 10 10 10 10 10 10 10 10 10 10 10 10 10 10 10 10 10 10 10 10 10 10 1 1
staticfield java/lang/invoke/MethodHandleNatives COUNT_GWT Z 1
staticfield java/lang/invoke/MethodHandleNatives $assertionsDisabled Z 1
ciInstanceKlass java/lang/invoke/LambdaForm 1 1 964 8 8 8 8 8 8 8 8 8 8 8 8 8 8 8 8 8 8 8 8 8 8 8 8 8 8 8 8 8 8 8 8 8 8 8 8 8 8 8 8 8 8 8 8 8 8 8 8 8 8 8 8 8 8 100 7 7 1 1 1 1 1 1 1 1 1 1 1 1 1 1 1 1 1 1 1 1 1 1 1 1 1 1 1 1 1 1 1 1 1 1 1 1 1 1 1 1 1 1 1 1 1 1 1 1 1 1 1 1 1 1 1 1 1 1 1 1 1 1 1 1 1 1 1 1 1 1 1 1 1 1 1 1 1 1 1 1 1 1 1 1 1 1 1 1 1 1 1 1 1 1 1 1 1 1 1 1 1 1 1 1 1 1 1 1 1 1 1 1 1 1 1 1 1 1 1 1 1 1 1 1 1 1 1 1 1 1 1 1 1 1 1 1 1 1 1 1 1 1 1 1 1 1 1 1 1 1 1 1 1 1 1 1 1 1 1 1 1 1 1 1 1 1 1 1 1 1 1 1 1 1 1 1 1 1 1 1 1 1 1 1 1 1 1 1 1 1 1 1 1 1 1 1 1 1 1 1 1 1 1 1 1 1 1 1 1 1 1 1 1 1 1 1 1 1 1 1 1 1 1 1 1 1 1 1 1 1 1 1 1 1 1 1 1 1 1 1 1 1 1 1 1 1 1 1 1 1 1 1 1 1 1 1 1 1 1 1 1 1 1 1 1 1 1 1 1 1 1 1 1 1 1 1 1 1 1 1 1 1 1 1 1 1 1 1 1 1 1 1 1 1 1 1 1 1 1 1 1 1 1 1 1 1 1 1 1 1 1 1 1 1 1 1 1 1 1 1 1 1 1 1 1 1 1 1 1 1 1 1 1 1 1 1 1 1 3 3 3 3 8 100 100 100 100 7 7 100 100 100 7 100 100 100 100 100 100 100 100 7 7 7 100 7 7 100 100 100 7 100 7 100 100 7 7 7 7 7 100 100 7 7 7 7 100 100 7 7 7 1 1 1 1 1 1 1 1 1 1 1 1 1 1 1 1 1 1 1 1 1 1 1 1 1 1 1 1 1 1 1 1 1 1 1 1 1 1 1 1 1 1 1 1 1 1 1 1 1 1 1 1 1 1 1 1 1 1 1 1 1 1 1 1 1 1 1 1 1 1 1 1 1 1 1 1 1 1 1 1 1 1 1 1 1 1 1 1 1 1 1 1 1 1 1 1 1 1 1 1 1 1 1 1 1 1 1 1 1 1 1 1 1 1 12 12 12 12 12 12 12 12 12 12 12 12 12 12 12 12 12 12 12 12 12 12 12 12 12 12 12 12 12 12 12 12 12 12 12 12 12 12 12 12 12 12 12 12 12 12 12 12 12 12 12 12 12 12 12 12 12 12 12 12 12 12 12 12 12 12 12 12 12 12 12 12 12 12 12 12 12 12 12 12 12 12 12 12 12 12 12 12 12 12 12 12 12 12 12 12 12 12 12 12 12 12 12 12 12 12 12 12 12 12 12 12 12 12 12 12 12 12 12 12 12 12 12 12 12 12 12 12 12 12 12 12 12 12 12 12 12 12 12 12 12 12 12 12 12 12 12 12 12 12 12 12 12 12 12 12 12 12 12 12 12 12 12 12 12 12 12 12 12 12 12 12 12 12 12 12 12 12 12 12 12 12 12 12 12 12 12 12 12 12 12 9 9 9 9 9 9 9 9 9 9 9 9 9 9 9 9 9 9 9 9 9 9 9 9 9 9 9 9 9 9 9 9 9 9 9 9 9 9 9 9 10 10 10 10 10 10 10 10 10 10 10 10 10 10 10 10 10 10 10 10 10 10 10 10 10 10 10 10 10 10 10 10 10 10 10 10 10 10 10 10 10 10 10 10 10 10 10 10 10 10 10 10 10 10 10 10 10 10 10 10 10 10 10 10 10 10 10 10 10 10 10 10 10 10 10 10 10 10 10 10 10 10 10 10 10 10 10 10 10 10 10 10 10 10 10 10 10 10 10 10 10 10 10 10 10 10 10 10 10 10 10 10 10 10 10 10 10 10 10 10 10 10 10 10 10 10 10 10 10 10 10 10 10 10 10 10 10 10 10 10 10 10 10 10 10 10 10 10 10 10 10 10 10 10 10 10 10 10 10 10 11 11 11 11 11 1 1 1 1 1
staticfield java/lang/invoke/LambdaForm COMPILE_THRESHOLD I 0
staticfield java/lang/invoke/LambdaForm INTERNED_ARGUMENTS [[Ljava/lang/invoke/LambdaForm$Name; 5 [[Ljava/lang/invoke/LambdaForm$Name;
staticfield java/lang/invoke/LambdaForm IMPL_NAMES Ljava/lang/invoke/MemberName$Factory; java/lang/invoke/MemberName$Factory
staticfield java/lang/invoke/LambdaForm LF_identityForm [Ljava/lang/invoke/LambdaForm; 6 [Ljava/lang/invoke/LambdaForm;
staticfield java/lang/invoke/LambdaForm LF_zeroForm [Ljava/lang/invoke/LambdaForm; 6 [Ljava/lang/invoke/LambdaForm;
staticfield java/lang/invoke/LambdaForm NF_identity [Ljava/lang/invoke/LambdaForm$NamedFunction; 6 [Ljava/lang/invoke/LambdaForm$NamedFunction;
staticfield java/lang/invoke/LambdaForm NF_zero [Ljava/lang/invoke/LambdaForm$NamedFunction; 6 [Ljava/lang/invoke/LambdaForm$NamedFunction;
staticfield java/lang/invoke/LambdaForm DEBUG_NAME_COUNTERS Ljava/util/HashMap; null
staticfield java/lang/invoke/LambdaForm TRACE_INTERPRETER Z 0
staticfield java/lang/invoke/LambdaForm $assertionsDisabled Z 1
ciInstanceKlass java/lang/invoke/MethodType 1 1 585 8 8 8 8 8 8 8 8 8 8 8 8 7 7 7 7 1 1 1 1 1 1 1 1 1 1 1 1 1 1 1 1 1 1 1 1 1 1 1 1 1 1 1 1 1 1 1 1 1 1 1 1 1 1 1 1 1 1 1 1 1 1 1 1 1 1 1 1 1 1 1 1 1 1 1 1 1 1 1 1 1 1 1 1 1 1 1 1 1 1 1 1 1 1 1 1 1 1 1 1 1 1 1 1 1 1 1 1 1 1 1 1 1 1 1 1 1 1 1 1 1 1 1 1 1 1 1 1 1 1 1 1 1 1 1 1 1 1 1 1 1 1 1 1 1 1 1 1 1 1 1 1 1 1 1 1 1 1 1 1 1 1 1 1 1 1 1 1 1 1 1 1 1 1 1 1 1 1 1 1 1 1 1 1 1 1 1 1 1 1 1 1 1 1 1 1 1 1 1 1 1 1 1 1 1 1 1 1 1 1 1 1 3 3 3 5 0 7 100 100 100 100 7 100 100 7 100 7 100 100 100 100 100 7 7 7 7 100 7 7 7 7 7 7 7 7 7 7 100 100 7 1 1 1 1 1 1 1 1 1 1 1 1 1 1 1 1 1 1 1 1 1 1 1 1 1 1 1 1 1 1 1 1 1 1 1 1 1 1 1 1 1 1 1 1 1 1 1 1 1 1 1 1 1 1 1 1 1 1 1 1 1 1 1 1 1 1 1 1 1 1 1 1 1 1 1 1 1 1 1 1 1 1 1 1 1 1 1 1 1 1 1 1 1 1 1 1 1 1 1 1 1 1 12 12 12 12 12 12 12 12 12 12 12 12 12 12 12 12 12 12 12 12 12 12 12 12 12 12 12 12 12 12 12 12 12 12 12 12 12 12 12 12 12 12 12 12 12 12 12 12 12 12 12 12 12 12 12 12 12 12 12 12 12 12 12 12 12 12 12 12 12 12 12 12 12 12 12 12 12 12 12 12 12 12 12 12 12 12 12 12 12 12 12 12 12 12 12 12 12 12 12 12 12 12 12 12 12 12 12 12 12 12 12 9 9 9 9 9 9 9 9 9 9 9 9 9 9 9 9 9 9 10 10 10 10 10 10 10 10 10 10 10 10 10 10 10 10 10 10 10 10 10 10 10 10 10 10 10 10 10 10 10 10 10 10 10 10 10 10 10 10 10 10 10 10 10 10 10 10 10 10 10 10 10 10 10 10 10 10 10 10 10 10 10 10 10 10 10 10 10 10 10 10 10 10 10 10 10 10 10 10 10 10 10 10 10 10 10 10 10 10 10 10 10 10 10 10 10 11 11 11 11 1
staticfield java/lang/invoke/MethodType internTable Ljava/lang/invoke/MethodType$ConcurrentWeakInternSet; java/lang/invoke/MethodType$ConcurrentWeakInternSet
staticfield java/lang/invoke/MethodType NO_PTYPES [Ljava/lang/Class; 0 [Ljava/lang/Class;
staticfield java/lang/invoke/MethodType objectOnlyTypes [Ljava/lang/invoke/MethodType; 20 [Ljava/lang/invoke/MethodType;
staticfield java/lang/invoke/MethodType serialPersistentFields [Ljava/io/ObjectStreamField; 0 [Ljava/io/ObjectStreamField;
staticfield java/lang/invoke/MethodType rtypeOffset J 12
staticfield java/lang/invoke/MethodType ptypesOffset J 16
staticfield java/lang/invoke/MethodType $assertionsDisabled Z 1
ciInstanceKlass java/lang/BootstrapMethodError 0 0 35 1 1 1 1 1 1 1 1 1 1 1 1 1 1 1 1 5 0 100 100 100 100 1 1 12 12 12 12 12 10 10 10 10 10
instanceKlass java/lang/invoke/VolatileCallSite
instanceKlass java/lang/invoke/MutableCallSite
instanceKlass java/lang/invoke/ConstantCallSite
ciInstanceKlass java/lang/invoke/CallSite 1 1 308 8 8 8 8 8 8 8 8 7 7 7 7 1 1 1 1 1 1 1 1 1 1 1 1 1 1 1 1 1 1 1 1 1 1 1 1 1 1 1 1 1 1 1 1 1 1 1 1 1 1 1 1 1 1 1 1 1 1 1 1 1 1 1 1 1 1 1 1 1 1 1 1 1 1 1 1 1 1 1 1 1 1 1 1 1 1 1 1 1 1 1 1 1 1 1 1 1 1 1 1 1 1 1 1 1 1 1 1 1 1 1 1 1 1 1 1 100 7 100 100 100 100 7 100 100 100 100 100 100 7 100 7 100 7 7 100 100 7 1 1 1 1 1 1 1 1 1 1 1 1 1 1 1 1 1 1 1 1 1 1 1 1 1 1 1 1 1 1 1 1 1 1 1 1 1 1 1 1 1 1 1 12 12 12 12 12 12 12 12 12 12 12 12 12 12 12 12 12 12 12 12 12 12 12 12 12 12 12 12 12 12 12 12 12 12 12 12 12 12 12 12 12 12 12 12 12 12 12 12 12 12 12 12 12 12 12 12 12 12 12 12 9 9 9 9 9 9 10 10 10 10 10 10 10 10 10 10 10 10 10 10 10 10 10 10 10 10 10 10 10 10 10 10 10 10 10 10 10 10 10 10 10 10 10 10 10 10 10 10 10 10 10 10 10 10 10 10 10 10 10 10 10 10 10 10 10 1
staticfield java/lang/invoke/CallSite GET_TARGET Ljava/lang/invoke/MethodHandle; java/lang/invoke/DirectMethodHandle
staticfield java/lang/invoke/CallSite THROW_UCS Ljava/lang/invoke/MethodHandle; java/lang/invoke/MethodHandleImpl$AsVarargsCollector
staticfield java/lang/invoke/CallSite TARGET_OFFSET J 12
ciInstanceKlass java/lang/invoke/ConstantCallSite 1 1 39 1 1 1 1 1 1 1 1 1 1 1 1 1 1 1 1 1 1 100 100 100 7 7 1 1 12 12 12 12 12 12 9 9 10 10 10 10 10
ciInstanceKlass java/lang/invoke/MutableCallSite 0 0 54 1 1 1 1 1 1 1 1 1 1 1 1 1 1 1 1 1 1 1 1 1 1 1 100 100 100 100 1 1 1 1 1 1 12 12 12 12 12 12 12 12 12 12 9 9 10 10 10 10 10 10 10 10
ciInstanceKlass java/lang/invoke/VolatileCallSite 0 0 30 1 1 1 1 1 1 1 1 1 1 1 1 100 100 1 1 1 12 12 12 12 12 12 10 10 10 10 10 10
instanceKlass java/lang/StringBuilder
instanceKlass java/lang/StringBuffer
ciInstanceKlass java/lang/AbstractStringBuilder 1 1 315 3 3 3 8 8 8 8 8 8 8 8 8 8 8 8 8 1 1 1 1 1 1 1 1 1 1 1 1 1 1 1 1 1 1 1 1 1 1 1 1 1 1 1 1 1 1 1 1 1 1 1 1 1 1 1 1 1 1 1 1 1 1 1 1 1 1 1 1 1 1 1 1 1 1 1 1 1 1 1 1 1 1 1 1 1 1 1 1 1 1 1 1 1 1 1 1 1 1 1 1 1 1 1 1 1 1 1 1 1 1 1 1 1 1 1 1 1 1 1 1 1 1 1 1 1 1 1 1 1 1 5 0 100 7 100 7 100 100 100 7 7 7 100 7 100 100 100 7 7 100 1 1 1 1 1 1 1 1 1 1 1 1 1 1 1 1 1 1 1 1 1 1 1 1 1 1 1 1 1 1 1 1 1 1 1 1 1 1 1 1 1 1 1 12 12 12 12 12 12 12 12 12 12 12 12 12 12 12 12 12 12 12 12 12 12 12 12 12 12 12 12 12 12 12 12 12 12 12 12 12 12 12 12 12 12 12 12 12 12 12 12 12 12 12 12 12 12 12 9 9 10 10 10 10 10 10 10 10 10 10 10 10 10 10 10 10 10 10 10 10 10 10 10 10 10 10 10 10 10 10 10 10 10 10 10 10 10 10 10 10 10 10 10 10 10 10 10 10 10 10 10 10 10 10 10 10 10 10 10 10 10 10 11 11
ciInstanceKlass java/lang/StringBuffer 1 1 368 8 8 8 7 1 1 1 1 1 1 1 1 1 1 1 1 1 1 1 1 1 1 1 1 1 1 1 1 1 1 1 1 1 1 1 1 1 1 1 1 1 1 1 1 1 1 1 1 1 1 1 1 1 1 1 1 1 1 1 1 1 1 1 1 1 1 1 1 1 1 1 1 1 1 1 1 1 1 1 1 1 1 1 1 1 1 1 1 1 1 1 5 0 100 100 100 100 100 7 100 7 7 100 100 7 7 7 100 7 1 1 1 1 1 1 1 1 1 1 1 1 1 1 1 1 1 1 1 1 1 1 1 1 1 1 1 1 1 1 1 1 1 1 1 1 1 1 1 1 1 1 1 1 1 1 1 1 1 1 1 1 1 1 1 1 1 1 1 1 1 1 1 1 1 1 1 1 12 12 12 12 12 12 12 12 12 12 12 12 12 12 12 12 12 12 12 12 12 12 12 12 12 12 12 12 12 12 12 12 12 12 12 12 12 12 12 12 12 12 12 12 12 12 12 12 12 12 12 12 12 12 12 12 12 12 12 12 12 12 12 12 12 12 12 12 12 12 12 12 12 12 12 12 12 12 12 12 12 12 12 12 12 12 12 12 12 12 12 9 9 9 9 9 9 10 10 10 10 10 10 10 10 10 10 10 10 10 10 10 10 10 10 10 10 10 10 10 10 10 10 10 10 10 10 10 10 10 10 10 10 10 10 10 10 10 10 10 10 10 10 10 10 10 10 10 10 10 10 10 10 10 10 10 10 10 10 10 10 10 10 10 10 10 10 10 10 10 10 10 10 10 10 10 10 10 10 10 10 10 10 10 10 10 10 11 1 1
staticfield java/lang/StringBuffer serialPersistentFields [Ljava/io/ObjectStreamField; 3 [Ljava/io/ObjectStreamField;
ciInstanceKlass java/lang/StringBuilder 1 1 323 1 1 1 1 1 1 1 1 1 1 1 1 1 1 1 1 1 1 1 1 1 1 1 1 1 1 1 1 1 1 1 1 1 1 1 1 1 1 1 1 1 1 1 1 1 1 1 1 1 1 1 1 1 1 1 1 1 1 1 1 1 1 1 1 1 1 1 5 0 100 100 100 100 100 7 100 100 7 7 1 1 1 1 1 1 1 1 1 1 1 1 1 1 1 1 1 1 1 1 1 1 1 1 1 1 1 1 1 1 1 1 1 1 1 1 1 1 1 1 1 1 1 1 1 1 1 1 1 1 1 1 1 1 1 1 1 1 1 1 1 1 12 12 12 12 12 12 12 12 12 12 12 12 12 12 12 12 12 12 12 12 12 12 12 12 12 12 12 12 12 12 12 12 12 12 12 12 12 12 12 12 12 12 12 12 12 12 12 12 12 12 12 12 12 12 12 12 12 12 12 12 12 12 12 12 12 12 12 12 12 12 12 12 12 12 12 12 12 12 12 12 12 12 12 12 12 12 12 12 12 9 9 10 10 10 10 10 10 10 10 10 10 10 10 10 10 10 10 10 10 10 10 10 10 10 10 10 10 10 10 10 10 10 10 10 10 10 10 10 10 10 10 10 10 10 10 10 10 10 10 10 10 10 10 10 10 10 10 10 10 10 10 10 10 10 10 10 10 10 10 10 10 10 10 10 10 10 10 10 10 10 10 10 10 10 10 10 10 10 10 10 11
ciInstanceKlass sun/misc/Unsafe 1 1 386 8 8 7 7 7 7 7 7 7 7 7 7 1 1 1 1 1 1 1 1 1 1 1 1 1 1 1 1 1 1 1 1 1 1 1 1 1 1 1 1 1 1 1 1 1 1 1 1 1 1 1 1 1 1 1 1 1 1 1 1 1 1 1 1 1 1 1 1 1 1 1 1 1 1 1 1 1 1 1 1 1 1 1 1 1 1 1 1 1 1 1 1 1 1 1 1 1 1 1 1 1 1 1 1 1 1 1 1 1 1 1 1 1 1 1 1 1 1 1 1 1 1 1 1 1 1 1 1 1 1 1 1 1 1 1 1 1 1 1 1 1 1 1 1 1 1 1 1 1 1 1 1 1 1 1 1 1 1 1 1 1 1 1 1 1 1 1 1 1 1 1 1 1 1 1 1 1 1 3 100 7 100 100 7 100 7 100 100 7 7 1 1 1 1 1 1 1 1 1 1 1 1 1 1 1 1 1 1 1 1 1 1 1 1 1 1 1 1 1 1 1 1 1 1 1 1 1 1 1 1 1 1 1 1 1 1 1 1 1 1 1 1 1 1 1 1 1 1 1 1 1 1 1 1 1 1 1 1 1 12 12 12 12 12 12 12 12 12 12 12 12 12 12 12 12 12 12 12 12 12 12 12 12 12 12 12 12 12 12 12 12 12 12 12 12 12 12 12 12 12 12 12 12 12 12 12 12 12 12 12 12 12 12 12 12 12 12 12 12 12 12 9 9 9 9 9 9 9 9 9 9 9 9 9 9 9 9 9 9 9 9 10 10 10 10 10 10 10 10 10 10 10 10 10 10 10 10 10 10 10 10 10 10 10 10 10 10 10 10 10 10 10 10 10 10 10 10 10 10 10 10 10 10 10 10
staticfield sun/misc/Unsafe theUnsafe Lsun/misc/Unsafe; sun/misc/Unsafe
staticfield sun/misc/Unsafe ARRAY_BOOLEAN_BASE_OFFSET I 16
staticfield sun/misc/Unsafe ARRAY_BYTE_BASE_OFFSET I 16
staticfield sun/misc/Unsafe ARRAY_SHORT_BASE_OFFSET I 16
staticfield sun/misc/Unsafe ARRAY_CHAR_BASE_OFFSET I 16
staticfield sun/misc/Unsafe ARRAY_INT_BASE_OFFSET I 16
staticfield sun/misc/Unsafe ARRAY_LONG_BASE_OFFSET I 16
staticfield sun/misc/Unsafe ARRAY_FLOAT_BASE_OFFSET I 16
staticfield sun/misc/Unsafe ARRAY_DOUBLE_BASE_OFFSET I 16
staticfield sun/misc/Unsafe ARRAY_OBJECT_BASE_OFFSET I 16
staticfield sun/misc/Unsafe ARRAY_BOOLEAN_INDEX_SCALE I 1
staticfield sun/misc/Unsafe ARRAY_BYTE_INDEX_SCALE I 1
staticfield sun/misc/Unsafe ARRAY_SHORT_INDEX_SCALE I 2
staticfield sun/misc/Unsafe ARRAY_CHAR_INDEX_SCALE I 2
staticfield sun/misc/Unsafe ARRAY_INT_INDEX_SCALE I 4
staticfield sun/misc/Unsafe ARRAY_LONG_INDEX_SCALE I 8
staticfield sun/misc/Unsafe ARRAY_FLOAT_INDEX_SCALE I 4
staticfield sun/misc/Unsafe ARRAY_DOUBLE_INDEX_SCALE I 8
staticfield sun/misc/Unsafe ARRAY_OBJECT_INDEX_SCALE I 4
staticfield sun/misc/Unsafe ADDRESS_SIZE I 8
instanceKlass sun/net/www/http/ChunkedInputStream
instanceKlass sun/security/ssl/SSLSocketImpl$AppInputStream
instanceKlass javax/sound/sampled/AudioInputStream
instanceKlass com/jpexs/helpers/streams/SeekableInputStream
instanceKlass java/util/jar/JarVerifier$VerifierStream
instanceKlass com/sun/imageio/plugins/common/InputStreamAdapter
instanceKlass java/io/SequenceInputStream
instanceKlass sun/java2d/cmm/ProfileDeferralInfo
instanceKlass java/io/ObjectInputStream$PeekInputStream
instanceKlass java/io/ObjectInputStream$BlockDataInputStream
instanceKlass java/io/ObjectInputStream
instanceKlass java/util/zip/ZipFile$ZipFileInputStream
instanceKlass java/io/FilterInputStream
instanceKlass java/io/FileInputStream
instanceKlass java/io/ByteArrayInputStream
ciInstanceKlass java/io/InputStream 1 1 58 8 1 1 1 1 1 1 1 1 1 1 1 1 1 1 1 1 1 1 1 1 1 1 1 1 1 1 1 1 1 1 1 1 1 3 5 0 100 100 100 7 100 100 100 7 12 12 12 12 12 10 10 10 10 10 10 10
instanceKlass sun/security/util/DerInputBuffer
ciInstanceKlass java/io/ByteArrayInputStream 1 1 59 1 1 1 1 1 1 1 1 1 1 1 1 1 1 1 1 1 1 1 1 1 1 1 1 1 1 1 1 1 1 1 1 1 1 7 100 7 100 7 100 7 1 12 12 12 12 12 12 12 9 9 9 9 10 10 10 10 10
ciInstanceKlass java/io/File 1 1 575 8 8 8 8 8 8 8 8 8 8 8 8 8 8 8 8 8 8 8 7 1 1 1 1 1 1 1 1 1 1 1 1 1 1 1 1 1 1 1 1 1 1 1 1 1 1 1 1 1 1 1 1 1 1 1 1 1 1 1 1 1 1 1 1 1 1 1 1 1 1 1 1 1 1 1 1 1 1 1 1 1 1 1 1 1 1 1 1 1 1 1 1 1 1 1 1 1 1 1 1 1 1 1 1 1 1 1 1 1 1 1 1 1 1 1 1 1 1 1 1 1 1 1 1 1 1 1 1 1 1 1 1 1 1 1 1 1 1 1 1 1 1 1 1 1 1 1 1 1 1 1 1 1 1 1 1 1 1 1 1 1 1 1 1 1 1 1 1 1 1 1 1 1 1 1 1 1 1 1 1 1 1 1 1 1 1 1 1 1 1 1 1 1 1 1 1 1 1 1 1 1 1 1 1 1 1 1 1 1 1 1 1 1 1 1 1 1 1 1 1 1 1 1 1 1 1 1 1 1 1 1 1 1 1 1 5 0 7 7 7 7 7 7 100 7 7 100 100 100 100 100 100 7 100 100 100 100 100 7 100 100 100 100 7 7 7 100 100 7 100 100 7 7 100 7 7 7 1 1 1 1 1 1 1 1 1 1 1 1 1 1 1 1 1 1 1 1 1 1 1 1 1 1 1 1 1 1 1 1 1 1 1 1 1 1 1 1 1 1 1 1 1 1 1 1 1 1 1 1 1 1 12 12 12 12 12 12 12 12 12 12 12 12 12 12 12 12 12 12 12 12 12 12 12 12 12 12 12 12 12 12 12 12 12 12 12 12 12 12 12 12 12 12 12 12 12 12 12 12 12 12 12 12 12 12 12 12 12 12 12 12 12 12 12 12 12 12 12 12 12 12 12 12 12 12 12 12 12 12 12 12 12 12 12 12 12 12 12 12 12 12 12 12 12 12 12 12 12 12 12 12 12 12 12 12 12 12 12 12 12 12 12 12 12 12 9 9 9 9 9 9 9 9 9 9 9 9 9 9 9 10 10 10 10 10 10 10 10 10 10 10 10 10 10 10 10 10 10 10 10 10 10 10 10 10 10 10 10 10 10 10 10 10 10 10 10 10 10 10 10 10 10 10 10 10 10 10 10 10 10 10 10 10 10 10 10 10 10 10 10 10 10 10 10 10 10 10 10 10 10 10 10 10 10 10 10 10 10 10 10 10 10 10 10 10 10 10 10 10 10 10 10 10 10 10 10 10 10 10 10 10 10 10 10 10 10 11 11 11 11 11 1 1 1
staticfield java/io/File fs Ljava/io/FileSystem; java/io/WinNTFileSystem
staticfield java/io/File separatorChar C 92
staticfield java/io/File separator Ljava/lang/String; "\"
staticfield java/io/File pathSeparatorChar C 59
staticfield java/io/File pathSeparator Ljava/lang/String; ";"
staticfield java/io/File PATH_OFFSET J 16
staticfield java/io/File PREFIX_LENGTH_OFFSET J 12
staticfield java/io/File UNSAFE Lsun/misc/Unsafe; sun/misc/Unsafe
staticfield java/io/File $assertionsDisabled Z 1
instanceKlass sun/misc/Launcher$ExtClassLoader
instanceKlass sun/misc/Launcher$AppClassLoader
ciInstanceKlass java/net/URLClassLoader 1 1 524 8 8 8 8 8 8 8 8 8 8 8 8 1 1 1 1 1 1 1 1 1 1 1 1 1 1 1 1 1 1 1 1 1 1 1 1 1 1 1 1 1 1 1 1 1 1 1 1 1 1 1 1 1 1 1 1 1 1 1 1 1 1 1 1 1 1 1 1 1 1 1 1 1 1 1 1 1 1 1 1 1 1 1 1 1 1 1 1 1 1 1 1 1 1 1 1 1 1 1 1 1 1 1 1 1 1 1 1 1 1 1 1 1 1 1 1 1 1 1 1 1 1 1 1 1 1 1 1 1 1 1 1 1 1 1 1 1 1 1 1 1 1 1 1 1 1 1 1 1 1 1 1 1 1 1 1 1 1 1 1 1 1 1 1 1 1 1 1 1 1 1 1 1 1 1 1 1 1 1 1 1 1 1 1 1 1 1 1 1 1 1 1 100 100 7 7 100 100 100 7 7 7 100 100 7 100 100 100 7 100 7 100 7 100 7 7 7 7 7 100 100 100 7 7 100 100 100 7 7 7 7 100 7 100 100 100 7 7 7 100 7 7 7 7 7 7 100 100 1 1 1 1 1 1 1 1 1 1 1 1 1 1 1 1 1 1 1 1 1 1 1 1 1 1 1 1 1 1 1 1 1 1 1 1 1 1 1 1 1 1 1 1 1 1 1 1 1 1 1 1 1 1 1 1 1 1 1 1 1 1 1 1 1 1 1 1 1 1 12 12 12 12 12 12 12 12 12 12 12 12 12 12 12 12 12 12 12 12 12 12 12 12 12 12 12 12 12 12 12 12 12 12 12 12 12 12 12 12 12 12 12 12 12 12 12 12 12 12 12 12 12 12 12 12 12 12 12 12 12 12 12 12 12 12 12 12 12 12 12 12 12 12 12 12 12 12 12 12 12 12 12 12 12 12 12 12 12 12 12 12 12 12 12 12 12 12 9 9 9 9 9 9 9 9 9 9 9 9 10 10 10 10 10 10 10 10 10 10 10 10 10 10 10 10 10 10 10 10 10 10 10 10 10 10 10 10 10 10 10 10 10 10 10 10 10 10 10 10 10 10 10 10 10 10 10 10 10 10 10 10 10 10 10 10 10 10 10 10 10 10 10 10 10 10 10 10 10 10 10 10 10 10 10 10 10 10 10 10 10 10 10 10 10 10 11 11 11 11 11 11 11 11 11
ciInstanceKlass java/net/URL 1 1 570 8 8 8 8 8 8 8 8 8 8 8 8 8 8 8 8 8 8 8 8 8 8 8 8 8 8 7 1 1 1 1 1 1 1 1 1 1 1 1 1 1 1 1 1 1 1 1 1 1 1 1 1 1 1 1 1 1 1 1 1 1 1 1 1 1 1 1 1 1 1 1 1 1 1 1 1 1 1 1 1 1 1 1 1 1 1 1 1 1 1 1 1 1 1 1 1 1 1 1 1 1 1 1 1 1 1 1 1 1 1 1 1 1 1 1 1 1 1 1 1 1 1 1 1 1 1 1 1 1 1 1 1 1 1 1 1 1 1 1 1 1 1 1 1 1 1 1 1 1 1 1 1 1 1 1 1 1 1 1 1 1 1 1 1 1 1 1 1 1 1 1 1 1 1 1 1 1 1 1 1 1 1 1 1 1 1 1 1 1 1 1 1 1 1 1 1 1 1 1 1 1 1 1 1 1 1 1 1 1 1 1 1 1 1 1 1 1 1 1 1 1 1 1 1 1 1 1 1 1 5 0 100 100 100 100 100 100 7 100 7 7 100 100 100 100 100 7 7 100 7 7 100 100 100 100 7 100 100 7 100 7 7 7 100 100 7 7 7 100 7 7 7 100 1 1 1 1 1 1 1 1 1 1 1 1 1 1 1 1 1 1 1 1 1 1 1 1 1 1 1 1 1 1 1 1 1 1 1 1 1 1 1 1 1 1 1 1 1 1 1 1 1 1 1 1 1 1 12 12 12 12 12 12 12 12 12 12 12 12 12 12 12 12 12 12 12 12 12 12 12 12 12 12 12 12 12 12 12 12 12 12 12 12 12 12 12 12 12 12 12 12 12 12 12 12 12 12 12 12 12 12 12 12 12 12 12 12 12 12 12 12 12 12 12 12 12 12 12 12 12 12 12 12 12 12 12 12 12 12 12 12 12 12 12 12 12 12 12 12 12 12 12 12 12 12 12 12 12 12 12 12 12 12 12 12 12 12 12 12 12 9 9 9 9 9 9 9 9 9 9 9 9 9 9 9 9 9 9 9 9 9 10 10 10 10 10 10 10 10 10 10 10 10 10 10 10 10 10 10 10 10 10 10 10 10 10 10 10 10 10 10 10 10 10 10 10 10 10 10 10 10 10 10 10 10 10 10 10 10 10 10 10 10 10 10 10 10 10 10 10 10 10 10 10 10 10 10 10 10 10 10 10 10 10 10 10 10 10 10 10 10 10 10 10 10 10 10 10 10 10 10 10 10 10 10 10 10 10 10 10 10 10 10 10 10 10 10 11 1
staticfield java/net/URL serialPersistentFields [Ljava/io/ObjectStreamField; 7 [Ljava/io/ObjectStreamField;
ciInstanceKlass java/util/jar/Manifest 1 1 253 8 8 8 8 8 8 8 1 1 1 1 1 1 1 1 1 1 1 1 1 1 1 1 1 1 1 1 1 1 1 1 1 1 1 1 1 1 1 1 1 1 1 1 1 1 1 1 1 1 1 1 1 1 1 1 1 1 1 1 1 1 1 1 1 1 1 1 1 1 1 1 1 1 1 1 1 1 1 1 1 1 1 1 1 1 1 1 1 1 1 1 1 1 1 1 1 1 1 100 100 100 100 100 100 7 7 100 7 100 100 7 7 100 7 100 100 7 100 7 7 1 1 1 1 1 1 1 1 1 1 1 1 1 1 1 1 1 1 1 1 1 1 1 1 1 12 12 12 12 12 12 12 12 12 12 12 12 12 12 12 12 12 12 12 12 12 12 12 12 12 12 12 12 12 12 12 12 12 12 12 12 12 12 12 12 12 12 12 12 12 12 12 12 9 9 9 10 10 10 10 10 10 10 10 10 10 10 10 10 10 10 10 10 10 10 10 10 10 10 10 10 10 10 10 10 10 10 10 10 10 10 10 10 10 10 10 10 10 10 11 11 11 11 11 11 11 11 11 11 11 11 1
ciInstanceKlass sun/misc/Launcher 1 1 215 8 8 8 8 8 8 8 8 1 1 1 1 1 1 1 1 1 1 1 1 1 1 1 1 1 1 1 1 1 1 1 1 1 1 1 1 1 1 1 1 1 1 1 1 1 1 1 1 1 1 1 1 1 1 1 1 1 1 1 1 1 1 1 1 1 1 1 1 1 1 1 1 1 1 1 1 1 1 1 1 1 1 1 1 1 1 1 1 1 1 1 1 1 100 100 7 100 100 100 100 100 100 100 100 7 100 7 100 7 7 100 7 7 100 7 7 7 7 7 1 1 1 1 1 1 1 1 1 1 1 1 1 1 1 1 1 1 1 1 1 1 1 12 12 12 12 12 12 12 12 12 12 12 12 12 12 12 12 12 12 12 12 12 12 12 12 12 12 12 12 12 12 12 12 9 9 9 9 9 9 10 10 10 10 10 10 10 10 10 10 10 10 10 10 10 10 10 10 10 10 10 10 10 10 10 10 10 10 10 10 1 1 1 1
ciInstanceKlass sun/misc/Launcher$AppClassLoader 1 1 198 8 8 7 1 1 1 1 1 1 1 1 1 1 1 1 1 1 1 1 1 1 1 1 1 1 1 1 1 1 1 1 1 1 1 1 1 1 1 1 1 1 1 1 1 1 1 1 1 1 1 1 1 1 1 1 1 1 1 1 1 1 1 1 1 1 1 1 1 1 1 1 1 1 1 1 1 1 100 100 100 100 100 7 7 100 7 100 7 7 100 100 7 100 7 100 7 100 7 7 7 100 7 7 1 1 1 1 1 1 1 1 1 1 1 1 1 1 1 1 1 1 1 1 1 1 1 1 1 12 12 12 12 12 12 12 12 12 12 12 12 12 12 12 12 12 12 12 12 12 12 12 12 12 12 12 12 12 12 12 12 12 9 9 10 10 10 10 10 10 10 10 10 10 10 10 10 10 10 10 10 10 10 10 10 10 10 10 10 10 10 10 10 10 10 10 11 1
staticfield sun/misc/Launcher$AppClassLoader $assertionsDisabled Z 1
ciInstanceKlass sun/misc/Launcher$ExtClassLoader 1 1 240 8 8 8 7 1 1 1 1 1 1 1 1 1 1 1 1 1 1 1 1 1 1 1 1 1 1 1 1 1 1 1 1 1 1 1 1 1 1 1 1 1 1 1 1 1 1 1 1 1 1 1 1 1 1 1 1 1 1 1 1 1 1 1 1 1 1 1 1 1 1 1 1 1 1 1 1 1 1 1 1 1 1 1 1 1 1 1 1 1 1 1 1 100 100 100 100 7 100 7 100 7 7 100 7 100 7 7 100 100 100 7 100 100 100 7 7 7 7 7 100 7 7 7 1 1 1 1 1 1 1 1 1 1 1 1 1 1 1 1 1 1 1 1 1 1 1 1 1 1 1 12 12 12 12 12 12 12 12 12 12 12 12 12 12 12 12 12 12 12 12 12 12 12 12 12 12 12 12 12 12 12 12 12 12 12 12 12 12 12 12 12 12 12 9 9 10 10 10 10 10 10 10 10 10 10 10 10 10 10 10 10 10 10 10 10 10 10 10 10 10 10 10 10 10 10 10 10 10 10 10 10 10 10 10 10 10 11 11 1
ciInstanceKlass java/security/CodeSource 1 1 321 8 8 8 8 8 8 8 8 8 8 8 8 8 8 1 1 1 1 1 1 1 1 1 1 1 1 1 1 1 1 1 1 1 1 1 1 1 1 1 1 1 1 1 1 1 1 1 1 1 1 1 1 1 1 1 1 1 1 1 1 1 1 1 1 1 1 1 1 1 1 1 1 1 1 1 1 1 1 1 1 1 1 1 1 1 1 1 1 1 1 1 1 1 1 1 1 1 1 1 1 1 1 1 1 1 1 1 1 1 1 1 1 1 1 1 1 1 1 1 1 1 1 1 1 1 1 1 1 1 1 1 1 1 1 5 0 100 7 7 100 100 100 100 100 100 7 100 100 100 7 7 7 7 100 100 100 100 100 7 100 100 100 1 1 1 1 1 1 1 1 1 1 1 1 1 1 1 1 1 1 1 1 1 1 1 1 1 12 12 12 12 12 12 12 12 12 12 12 12 12 12 12 12 12 12 12 12 12 12 12 12 12 12 12 12 12 12 12 12 12 12 12 12 12 12 12 12 12 12 12 12 12 12 12 12 12 12 12 12 12 12 12 12 12 12 12 12 12 9 9 9 9 9 10 10 10 10 10 10 10 10 10 10 10 10 10 10 10 10 10 10 10 10 10 10 10 10 10 10 10 10 10 10 10 10 10 10 10 10 10 10 10 10 10 10 10 10 10 10 10 10 10 10 10 10 10 10 10 10 10 10 10 10 10 10 10 11 11 11 11
ciInstanceKlass java/lang/StackTraceElement 0 0 95 8 8 8 8 8 8 8 8 1 1 1 1 1 1 1 1 1 1 1 1 1 1 1 1 1 1 1 1 1 1 1 1 1 1 1 1 1 1 1 1 1 1 1 1 1 1 1 1 1 5 0 100 100 100 100 100 100 1 1 1 1 1 1 12 12 12 12 12 12 12 12 12 12 12 12 12 12 12 9 9 9 9 10 10 10 10 10 10 10 10 10 10 10 10
instanceKlass java/nio/DoubleBuffer
instanceKlass java/nio/FloatBuffer
instanceKlass java/nio/ShortBuffer
instanceKlass java/nio/IntBuffer
instanceKlass java/nio/LongBuffer
instanceKlass java/nio/CharBuffer
instanceKlass java/nio/ByteBuffer
ciInstanceKlass java/nio/Buffer 1 1 100 8 8 8 8 1 1 1 1 1 1 1 1 1 1 1 1 1 1 1 1 1 1 1 1 1 1 1 1 1 1 1 1 1 1 1 1 1 1 1 1 1 1 1 1 1 1 1 1 1 1 1 1 1 1 1 1 1 1 3 100 100 7 100 7 100 100 100 1 1 1 1 12 12 12 12 12 12 12 12 12 12 12 9 9 9 9 10 10 10 10 10 10 10 10 10 10 10 10 10
ciInstanceKlass java/lang/Boolean 1 1 107 8 8 8 1 1 1 1 1 1 1 1 1 1 1 1 1 1 1 1 1 1 1 1 1 1 1 1 1 1 1 1 1 1 1 1 1 1 1 1 1 1 1 1 1 1 1 1 1 1 1 1 1 1 1 1 1 1 1 5 0 100 7 7 100 100 100 7 100 7 7 1 1 1 1 1 1 1 1 12 12 12 12 12 12 12 12 12 12 12 12 12 12 9 9 9 9 10 10 10 10 10 10 10 10 10 10
staticfield java/lang/Boolean TRUE Ljava/lang/Boolean; java/lang/Boolean
staticfield java/lang/Boolean FALSE Ljava/lang/Boolean; java/lang/Boolean
staticfield java/lang/Boolean TYPE Ljava/lang/Class; java/lang/Class
ciInstanceKlass java/lang/Character 1 1 456 3 3 3 3 3 3 3 3 8 8 7 1 1 1 1 1 1 1 1 1 1 1 1 1 1 1 1 1 1 1 1 1 1 1 1 1 1 1 1 1 1 1 1 1 1 1 1 1 1 1 1 1 1 1 1 1 1 1 1 1 1 1 1 1 1 1 1 1 1 1 1 1 1 1 1 1 1 1 1 1 1 1 1 1 1 1 1 1 1 1 1 1 1 1 1 1 1 1 1 1 1 1 1 1 1 1 1 1 1 1 1 1 1 1 1 1 1 1 1 1 1 1 1 1 1 1 1 1 1 1 1 1 1 1 1 1 1 1 1 1 1 1 1 1 1 1 1 1 1 1 1 1 1 1 1 1 1 1 1 1 1 1 1 1 1 1 1 1 1 1 1 1 1 1 1 1 1 1 1 1 1 1 1 1 1 1 1 1 1 1 1 1 1 1 1 1 1 1 1 1 1 1 1 1 1 1 1 1 1 1 1 1 1 1 1 1 1 1 1 1 1 1 3 3 3 3 3 3 3 3 3 3 3 3 3 3 3 3 3 3 3 3 3 3 3 3 3 3 3 3 3 3 3 3 3 3 3 3 3 5 0 5 0 100 100 7 7 100 100 100 7 100 7 100 100 100 100 7 7 100 100 1 1 1 1 1 1 1 1 1 1 1 1 1 1 1 12 12 12 12 12 12 12 12 12 12 12 12 12 12 12 12 12 12 12 12 12 12 12 12 12 12 12 12 12 12 12 12 12 12 12 12 12 12 12 12 12 12 12 12 12 12 12 12 12 12 12 12 12 12 12 12 12 12 12 12 12 12 12 12 12 12 12 12 9 9 9 9 9 10 10 10 10 10 10 10 10 10 10 10 10 10 10 10 10 10 10 10 10 10 10 10 10 10 10 10 10 10 10 10 10 10 10 10 10 10 10 10 10 10 10 10 10 10 10 10 10 10 10 10 10 10 10 10 10 10 10 10 10 10 10 10 10 10 10 10 10 10 10 10 10 10 10 10 10 10 10 10 10 11 11 1 1 1 1
staticfield java/lang/Character TYPE Ljava/lang/Class; java/lang/Class
staticfield java/lang/Character $assertionsDisabled Z 1
instanceKlass com/sun/jna/IntegerType
instanceKlass java/math/BigDecimal
instanceKlass java/math/BigInteger
instanceKlass java/util/concurrent/atomic/AtomicLong
instanceKlass java/util/concurrent/atomic/AtomicInteger
instanceKlass java/lang/Long
instanceKlass java/lang/Integer
instanceKlass java/lang/Short
instanceKlass java/lang/Byte
instanceKlass java/lang/Double
instanceKlass java/lang/Float
ciInstanceKlass java/lang/Number 1 1 31 1 1 1 1 1 1 1 1 1 1 1 1 1 1 1 1 1 1 1 1 1 5 0 100 100 7 12 12 10 10
ciInstanceKlass java/lang/Float 1 1 166 3 3 3 4 4 4 4 8 8 8 1 1 1 1 1 1 1 1 1 1 1 1 1 1 1 1 1 1 1 1 1 1 1 1 1 1 1 1 1 1 1 1 1 1 1 1 1 1 1 1 1 1 1 1 1 1 1 1 1 1 1 1 1 1 1 1 1 1 1 1 1 1 1 1 1 1 1 1 1 1 1 1 1 1 1 1 1 1 1 1 1 1 1 1 1 1 3 3 3 3 4 4 5 0 7 100 100 7 100 7 100 100 7 1 1 1 1 1 1 1 1 1 12 12 12 12 12 12 12 12 12 12 12 12 12 12 12 12 12 12 12 12 12 9 9 10 10 10 10 10 10 10 10 10 10 10 10 10 10 10 10 10 10 10 10
staticfield java/lang/Float TYPE Ljava/lang/Class; java/lang/Class
ciInstanceKlass java/lang/Double 1 1 220 8 8 8 8 8 8 8 8 8 8 1 1 1 1 1 1 1 1 1 1 1 1 1 1 1 1 1 1 1 1 1 1 1 1 1 1 1 1 1 1 1 1 1 1 1 1 1 1 1 1 1 1 1 1 1 1 1 1 1 1 1 1 1 1 1 1 1 1 1 1 1 1 1 1 1 1 1 1 1 1 1 1 1 1 1 1 1 1 1 1 1 1 1 1 1 1 1 1 1 1 1 1 1 1 1 1 1 1 1 3 3 3 3 5 0 5 0 5 0 5 0 5 0 6 0 6 0 6 0 6 0 6 0 6 0 6 0 7 100 7 100 100 7 7 100 100 7 1 1 1 1 1 1 1 1 1 1 1 12 12 12 12 12 12 12 12 12 12 12 12 12 12 12 12 12 12 12 12 12 12 12 12 12 12 12 12 12 12 9 9 10 10 10 10 10 10 10 10 10 10 10 10 10 10 10 10 10 10 10 10 10 10 10 10 10 10 10 10 10
staticfield java/lang/Double TYPE Ljava/lang/Class; java/lang/Class
ciInstanceKlass java/lang/Byte 1 1 150 8 8 8 8 8 1 1 1 1 1 1 1 1 1 1 1 1 1 1 1 1 1 1 1 1 1 1 1 1 1 1 1 1 1 1 1 1 1 1 1 1 1 1 1 1 1 1 1 1 1 1 1 1 1 1 1 1 1 1 1 1 1 1 1 1 1 1 1 1 1 1 1 1 1 1 3 3 3 3 5 0 5 0 7 7 7 100 100 7 100 100 1 1 1 1 1 1 1 1 1 1 1 1 1 1 12 12 12 12 12 12 12 12 12 12 12 12 12 12 12 12 12 12 12 12 12 9 9 9 10 10 10 10 10 10 10 10 10 10 10 10 10 10 10 10 10 10 10 1
staticfield java/lang/Byte TYPE Ljava/lang/Class; java/lang/Class
ciInstanceKlass java/lang/Short 1 1 156 3 3 8 8 8 8 8 1 1 1 1 1 1 1 1 1 1 1 1 1 1 1 1 1 1 1 1 1 1 1 1 1 1 1 1 1 1 1 1 1 1 1 1 1 1 1 1 1 1 1 1 1 1 1 1 1 1 1 1 1 1 1 1 1 1 1 1 1 1 1 1 1 1 1 1 1 1 1 1 3 3 3 3 5 0 5 0 7 100 100 7 100 7 7 100 1 1 1 1 1 1 1 1 1 1 1 1 1 1 12 12 12 12 12 12 12 12 12 12 12 12 12 12 12 12 12 12 12 12 12 12 9 9 9 10 10 10 10 10 10 10 10 10 10 10 10 10 10 10 10 10 10 10 10 1
staticfield java/lang/Short TYPE Ljava/lang/Class; java/lang/Class
ciInstanceKlass java/lang/Integer 1 1 306 3 3 3 3 3 3 3 3 3 3 3 3 3 3 3 8 8 8 8 8 8 8 8 8 8 8 8 8 8 8 8 1 1 1 1 1 1 1 1 1 1 1 1 1 1 1 1 1 1 1 1 1 1 1 1 1 1 1 1 1 1 1 1 1 1 1 1 1 1 1 1 1 1 1 1 1 1 1 1 1 1 1 1 1 1 1 1 1 1 1 1 1 1 1 1 1 1 1 1 1 1 1 1 1 1 1 1 1 1 1 1 1 1 1 1 1 1 1 1 1 1 1 1 1 1 1 1 1 1 1 1 1 1 1 1 1 1 1 1 1 1 1 1 1 1 1 1 1 1 1 1 1 1 1 1 1 1 1 1 1 1 1 1 1 1 1 1 3 3 5 0 5 0 5 0 100 7 7 100 100 7 7 100 7 100 7 7 100 100 7 100 7 1 1 1 1 1 1 1 1 1 1 1 1 1 1 1 1 1 12 12 12 12 12 12 12 12 12 12 12 12 12 12 12 12 12 12 12 12 12 12 12 12 12 12 12 12 12 12 12 12 12 12 12 12 12 12 12 12 12 12 12 12 12 12 12 9 9 9 9 9 9 9 9 10 10 10 10 10 10 10 10 10 10 10 10 10 10 10 10 10 10 10 10 10 10 10 10 10 10 10 10 10 10 10 10 10 10 10 10 10 10 10 10 1
staticfield java/lang/Integer TYPE Ljava/lang/Class; java/lang/Class
staticfield java/lang/Integer digits [C 36
staticfield java/lang/Integer DigitTens [C 100
staticfield java/lang/Integer DigitOnes [C 100
staticfield java/lang/Integer sizeTable [I 10
ciInstanceKlass java/lang/Long 1 1 353 3 3 8 8 8 8 8 8 8 8 8 8 8 8 8 8 8 8 8 1 1 1 1 1 1 1 1 1 1 1 1 1 1 1 1 1 1 1 1 1 1 1 1 1 1 1 1 1 1 1 1 1 1 1 1 1 1 1 1 1 1 1 1 1 1 1 1 1 1 1 1 1 1 1 1 1 1 1 1 1 1 1 1 1 1 1 1 1 1 1 1 1 1 1 1 1 1 1 1 1 1 1 1 1 1 1 1 1 1 1 1 1 1 1 1 1 1 1 1 1 1 1 1 1 1 1 1 1 1 1 1 1 1 1 1 1 1 1 1 1 1 1 1 1 1 1 1 1 1 1 1 1 1 1 1 1 1 1 1 1 1 3 3 5 0 5 0 5 0 5 0 5 0 5 0 5 0 5 0 5 0 5 0 5 0 5 0 5 0 5 0 5 0 100 100 7 100 100 7 7 7 7 100 7 7 100 100 7 100 100 100 1 1 1 1 1 1 1 1 1 1 1 1 1 1 1 1 1 1 1 1 1 1 12 12 12 12 12 12 12 12 12 12 12 12 12 12 12 12 12 12 12 12 12 12 12 12 12 12 12 12 12 12 12 12 12 12 12 12 12 12 12 12 12 12 12 12 12 12 12 12 12 12 12 12 12 12 12 12 12 12 9 9 9 9 9 9 10 10 10 10 10 10 10 10 10 10 10 10 10 10 10 10 10 10 10 10 10 10 10 10 10 10 10 10 10 10 10 10 10 10 10 10 10 10 10 10 10 10 10 10 10 10 10 10 10 10 10 10 10 10 1
staticfield java/lang/Long TYPE Ljava/lang/Class; java/lang/Class
ciInstanceKlass java/lang/NullPointerException 1 1 18 1 1 1 1 1 1 1 1 1 5 0 100 7 12 12 10 10
ciInstanceKlass java/lang/ArithmeticException 1 1 18 1 1 1 1 1 1 1 1 1 5 0 100 100 12 12 10 10
ciInstanceKlass java/awt/geom/AffineTransform 1 1 346 8 8 8 8 8 8 8 1 1 1 1 1 1 1 1 1 1 1 1 1 1 1 1 1 1 1 1 1 1 1 1 1 1 1 1 1 1 1 1 1 1 1 1 1 1 1 1 1 1 1 1 1 1 1 1 1 1 1 1 1 1 1 1 1 1 1 1 1 1 1 1 1 1 1 1 1 1 1 1 1 1 1 1 1 1 1 1 1 1 1 1 1 1 1 1 1 1 1 1 1 1 1 1 1 1 1 1 1 1 1 1 1 1 1 1 1 1 1 1 1 1 1 1 1 1 1 1 1 1 1 1 1 1 1 1 1 1 1 1 1 1 1 1 1 1 1 1 1 1 1 1 1 1 1 1 1 1 1 1 1 1 1 1 1 1 1 1 1 1 1 1 1 1 1 1 1 1 3 3 3 3 3 3 3 3 3 3 3 3 5 0 5 0 6 0 6 0 6 0 100 100 100 7 100 100 7 7 7 7 100 100 100 100 100 100 100 7 100 7 7 100 7 1 1 1 1 1 1 1 1 1 1 1 1 1 1 1 1 12 12 12 12 12 12 12 12 12 12 12 12 12 12 12 12 12 12 12 12 12 12 12 12 12 12 12 12 12 12 12 12 12 12 12 12 12 12 12 12 12 12 12 12 12 12 12 12 12 12 12 9 9 9 9 9 9 9 9 9 10 10 10 10 10 10 10 10 10 10 10 10 10 10 10 10 10 10 10 10 10 10 10 10 10 10 10 10 10 10 10 10 10 10 10 10 10 10 10 10 10 10 10 10 10 10 10
staticfield java/awt/geom/AffineTransform rot90conversion [I 8
ciInstanceKlass java/lang/InternalError 0 0 24 1 1 1 1 1 1 1 1 1 1 5 0 100 100 1 12 12 12 12 10 10 10 10
ciMethod java/lang/System arraycopy (Ljava/lang/Object;ILjava/lang/Object;II)V 5121 1 640 0 -1
ciMethod java/awt/geom/AffineTransform stateError ()V 0 0 1 0 0
ciMethod java/awt/geom/AffineTransform transform ([DI[DII)V 2353 8233 5422 0 -1
ciMethodData java/awt/geom/AffineTransform transform ([DI[DII)V 2 8797 orig 264 128 100 135 99 0 0 0 0 120 50 86 87 191 1 0 0 120 4 0 0 200 2 0 0 0 0 0 0 0 0 0 0 0 0 0 0 0 0 0 0 0 0 0 0 0 0 0 0 0 0 0 0 0 0 0 0 0 0 0 0 0 0 0 0 0 0 0 0 0 0 0 0 0 0 0 0 0 0 0 0 77 68 79 32 101 120 116 114 97 32 100 97 116 97 32 108 111 99 107 0 0 0 0 0 0 0 0 0 0 0 0 0 0 0 0 0 0 0 0 0 0 0 0 0 0 0 0 0 0 0 0 0 0 0 0 0 0 0 0 0 0 0 0 0 0 0 0 0 0 0 0 0 0 0 0 0 0 0 0 0 0 0 0 0 0 0 0 0 0 0 0 0 0 0 0 0 0 0 0 0 0 0 0 0 0 0 0 0 0 0 0 0 0 0 0 0 0 0 0 0 0 0 0 0 0 0 0 0 0 0 0 0 0 0 0 0 5 4 0 0 129 160 0 0 193 242 0 0 0 0 0 0 0 0 0 0 2 0 0 0 7 0 46 0 2 0 0 0 248 2 0 0 255 255 255 255 7 0 2 0 0 0 0 0 data 95 0x20007 0x0 0x70 0x1410 0x80007 0x1410 0x50 0x0 0x130007 0x0 0x30 0x0 0x1f0002 0x0 0x290008 0x12 0x0 0xa0 0x0 0x238 0x0 0x200 0x0 0x1c8 0x2 0x190 0x0 0x158 0x4 0x120 0x0 0xe8 0x0 0xb0 0x590002 0x0 0x860007 0xd 0x38 0x27 0xc30003 0x27 0xffffffffffffffe0 0xe40007 0x0 0x38 0x0 0x11b0003 0x0 0xffffffffffffffe0 0x13c0007 0xb34 0x38 0x1270 0x1690003 0x1270 0xffffffffffffffe0 0x17e0007 0x0 0x38 0x0 0x1a50003 0x0 0xffffffffffffffe0 0x1c60007 0x4c4 0x38 0x726 0x1ef0003 0x726 0xffffffffffffffe0 0x2040007 0x3a 0x38 0xcb 0x2270003 0xcb 0xffffffffffffffe0 0x23c0007 0x3d0 0x38 0x3d0 0x25f0003 0x3d0 0xffffffffffffffe0 0x2650007 0x0 0x40 0x1 0x26b0007 0x1 0x30 0x0 0x2770002 0x0 oops 0
compile java/awt/geom/AffineTransform transform ([DI[DII)V -1 4 inline 1 0 -1 java/awt/geom/AffineTransform transform ([DI[DII)V
